t,"counter Vector LoRaNetworkTest.loRaNodes[0].SimpleLoRaApp($0=""avg"", #0 - General-0-20210629-17:18:18-25864)",t.loRaGW[0],"Gateway / Received RSSI LoRaNetworkTest.loRaGW[0].packetForwarder($0=""avg"", #0 - General-0-20210629-17:18:18-25864)",t.loRaGW[1],"Gateway / Received RSSI LoRaNetworkTest.loRaGW[1].packetForwarder($0=""avg"", #0 - General-0-20210629-17:18:18-25864)",t.loRaGW[2],"Gateway / Received RSSI LoRaNetworkTest.loRaGW[2].packetForwarder($0=""avg"", #0 - General-0-20210629-17:18:18-25864)",t.loRaGW[3],"Gateway / Received RSSI LoRaNetworkTest.loRaGW[3].packetForwarder($0=""avg"", #0 - General-0-20210629-17:18:18-25864)",t.loRaGW[4],"Gateway / Received RSSI LoRaNetworkTest.loRaGW[4].packetForwarder($0=""avg"", #0 - General-0-20210629-17:18:18-25864)","SF Vector LoRaNetworkTest.loRaNodes[0].SimpleLoRaApp($0=""avg"", #0 - General-0-20210629-17:18:18-25864)","TP Vector LoRaNetworkTest.loRaNodes[0].SimpleLoRaApp($0=""avg"", #0 - General-0-20210629-17:18:18-25864)","X Vector LoRaNetworkTest.loRaNodes[0].SimpleLoRaApp($0=""avg"", #0 - General-0-20210629-17:18:18-25864)","Y Vector LoRaNetworkTest.loRaNodes[0].SimpleLoRaApp($0=""avg"", #0 - General-0-20210629-17:18:18-25864)","Z Vector LoRaNetworkTest.loRaNodes[0].SimpleLoRaApp($0=""avg"", #0 - General-0-20210629-17:18:18-25864)"
86415.93517479706,0.0,,-1000.0,,-1000.0,,-1000.0,,-1000.0,,-1000.0,10.0,14.0,2431.7089978508,2589.583847383,1.7504749989945
86490.9126137824,1.0,,-1000.0,,-1000.0,,-1000.0,,-1000.0,,-1000.0,10.0,14.0,2479.9234811777,2527.1694915375,1.7417844097667
87023.72489060654,2.0,,-1000.0,,-1000.0,,-1000.0,,-1000.0,,-1000.0,10.0,14.0,2822.5501297398,2083.6342695482,1.6800264636954
87098.01867787239,3.0,,-1000.0,,-1000.0,,-1000.0,,-1000.0,,-1000.0,10.0,14.0,2870.3249886294,2021.789013985,1.6714151161214
87275.71434936523,4.0,,-1000.0,,-1000.0,,-1000.0,,-1000.0,,-1000.0,10.0,14.0,2984.5927617942,1873.8677056175,1.6508185192063
87424.40111938343,5.0,,-1000.0,,-1000.0,,-1000.0,,-1000.0,,-1000.0,10.0,14.0,3080.20626755,1750.0946200197,1.6335843263701
87474.88997199186,6.0,,-1000.0,,-1000.0,,-1000.0,,-1000.0,,-1000.0,10.0,14.0,3112.6732866323,1708.0655876124,1.6277321942549
87790.98502710868,7.0,,-1000.0,,-1000.0,,-1000.0,,-1000.0,,-1000.0,10.0,14.0,3315.9392286397,1444.9348443108,1.5910938091867
87882.46545697989,8.0,,-1000.0,,-1000.0,,-1000.0,,-1000.0,,-1000.0,10.0,14.0,3374.7660133426,1368.7827086798,1.5804903683496
87990.79933455845,9.0,,-1000.0,,-1000.0,,-1000.0,,-1000.0,,-1000.0,10.0,14.0,3444.4304618079,1278.6010583485,1.5679334546669
88058.08420226768,10.0,,-1000.0,,-1000.0,,-1000.0,,-1000.0,,-1000.0,10.0,14.0,3487.6982124302,1222.5903205445,1.5601345066844
88146.3499283008,11.0,,-1000.0,,-1000.0,,-1000.0,,-1000.0,,-1000.0,10.0,14.0,3544.457771489,1149.1142388305,1.5499036802087
88215.99372668422,12.0,,-1000.0,,-1000.0,,-1000.0,,-1000.0,,-1000.0,10.0,14.0,3589.2424400696,1091.1398284804,1.5418313100103
88372.77138172022,13.0,,-1000.0,,-1000.0,,-1000.0,,-1000.0,,-1000.0,10.0,14.0,3690.0588154628,960.63155182467,1.5236593076259
88451.81790657857,14.0,,-1000.0,,-1000.0,,-1000.0,,-1000.0,,-1000.0,10.0,14.0,3740.8899375498,894.8299187251,1.514497073136
88521.96816748074,15.0,,-1000.0,,-1000.0,,-1000.0,,-1000.0,,-1000.0,10.0,14.0,3786.0002884823,836.43390779362,1.506365999176
88708.11447972433,16.0,,-1000.0,,-1000.0,,-1000.0,,-1000.0,,-1000.0,10.0,14.0,3892.728822455,709.80100228285,1.4872899800797
88905.52985096734,17.0,,-1000.0,,-1000.0,,-1000.0,,-1000.0,,-1000.0,10.0,14.0,3841.0634784771,935.40630527197,1.4988280002238
88993.70525041333,18.0,,-1000.0,,-1000.0,,-1000.0,,-1000.0,,-1000.0,10.0,14.0,3817.9871986815,1036.1727125834,1.5039814466279
89145.28011971516,19.0,,-1000.0,,-1000.0,,-1000.0,,-1000.0,,-1000.0,10.0,14.0,3778.3187184027,1209.3917182722,1.512840300345
89253.18684363789,20.0,,-1000.0,,-1000.0,,-1000.0,,-1000.0,,-1000.0,10.0,14.0,3750.0785769492,1332.7069849199,1.5191469518812
89334.06158633395,21.0,,-1000.0,,-1000.0,,-1000.0,,-1000.0,,-1000.0,10.0,14.0,3728.9129434213,1425.1302380599,1.5238737084884
89707.96047713207,22.0,,-1000.0,,-1000.0,,-1000.0,,-1000.0,,-1000.0,10.0,14.0,3631.0603056839,1852.420028185,1.5457263783527
89769.81453689077,23.0,,-1000.0,,-1000.0,,-1000.0,,-1000.0,,-1000.0,10.0,14.0,3614.8725526546,1923.1065396006,1.5493414635561
89862.22200634854,24.0,,-1000.0,,-1000.0,,-1000.0,,-1000.0,,-1000.0,10.0,14.0,3653.4168481508,2033.6873371958,1.5200060213358
89953.6580871974,25.0,,-1000.0,,-1000.0,89954.15165624705,-132.04271492883,,-1000.0,,-1000.0,10.0,14.0,3770.7358680001,2149.3892938676,1.4471324223028
90007.6034667094,26.0,,-1000.0,,-1000.0,90008.0970356765,-131.30280426048,,-1000.0,,-1000.0,10.0,14.0,3839.9516413687,2217.6510337082,1.4041385196798
90227.23805605627,27.0,,-1000.0,90227.73162448668,-123.98935957365,,-1000.0,,-1000.0,,-1000.0,10.0,14.0,4121.7585004114,2495.5736163947,1.2290920517072
90438.56516760644,28.0,,-1000.0,90439.0587366817,-132.26050179218,,-1000.0,,-1000.0,,-1000.0,10.0,14.0,4392.9062723256,2762.9840311584,1.0606665565531
90497.06184152828,29.0,,-1000.0,,-1000.0,,-1000.0,,-1000.0,,-1000.0,10.0,14.0,4467.961681364,2837.0049162261,1.0140453199409
90915.4035864482,30.0,,-1000.0,,-1000.0,,-1000.0,,-1000.0,,-1000.0,10.0,14.0,4204.0443990959,3243.4480645538,1.1737150973569
91019.97145033121,31.0,,-1000.0,,-1000.0,,-1000.0,,-1000.0,,-1000.0,10.0,14.0,4130.1528530603,3343.8253884125,1.2185052599018
91114.769343193,32.0,,-1000.0,,-1000.0,,-1000.0,,-1000.0,,-1000.0,10.0,14.0,4063.1651323174,3434.824271239,1.259110593821
91167.2558841941,33.0,,-1000.0,,-1000.0,,-1000.0,,-1000.0,,-1000.0,10.0,14.0,4026.0761881942,3485.2074227031,1.2815924598126
91405.5075488685,34.0,,-1000.0,,-1000.0,,-1000.0,,-1000.0,,-1000.0,10.0,14.0,3857.7186910185,3713.9111909244,1.3836441838421
91633.4961084982,35.0,,-1000.0,,-1000.0,,-1000.0,,-1000.0,,-1000.0,10.0,14.0,3696.6134859976,3932.7631463553,1.4812998522757
91777.84477721632,36.0,,-1000.0,,-1000.0,,-1000.0,,-1000.0,,-1000.0,10.0,14.0,3609.0359094561,3862.6074478854,1.5027638958472
91964.04743387454,37.0,,-1000.0,,-1000.0,,-1000.0,,-1000.0,,-1000.0,10.0,14.0,3514.446654018,3506.1347629973,1.4790127362158
92107.69625684584,38.0,,-1000.0,,-1000.0,,-1000.0,,-1000.0,,-1000.0,10.0,14.0,3441.4743589215,3231.1285814281,1.4606895490686
92300.69661320456,39.0,,-1000.0,,-1000.0,,-1000.0,,-1000.0,,-1000.0,10.0,14.0,3343.4319338837,2861.6421495463,1.4360713059402
92874.83553892229,40.0,,-1000.0,,-1000.0,,-1000.0,,-1000.0,,-1000.0,10.0,14.0,3051.7745833588,1762.4911061481,1.3628367693335
92998.91961098932,41.0,,-1000.0,,-1000.0,,-1000.0,,-1000.0,,-1000.0,10.0,14.0,2988.741003714,1524.9403476604,1.3470091723686
93052.38523596124,42.0,,-1000.0,,-1000.0,,-1000.0,,-1000.0,,-1000.0,10.0,14.0,2961.5809526793,1422.5839408023,1.340189341673
93171.48923788383,43.0,,-1000.0,,-1000.0,,-1000.0,,-1000.0,,-1000.0,10.0,14.0,2901.0772033573,1194.567197603,1.3249969796886
93581.2354951328,44.0,,-1000.0,,-1000.0,,-1000.0,,-1000.0,,-1000.0,10.0,14.0,2692.9298327059,410.13505755793,1.2727316203273
93858.1155839919,45.0,,-1000.0,,-1000.0,,-1000.0,,-1000.0,,-1000.0,10.0,14.0,2861.8706443958,557.30840188774,1.2582790290908
94015.3631033303,46.0,,-1000.0,,-1000.0,,-1000.0,,-1000.0,,-1000.0,10.0,14.0,2980.7920595752,691.15134041803,1.2516194461495
94210.71329140408,47.0,,-1000.0,,-1000.0,,-1000.0,,-1000.0,,-1000.0,10.0,14.0,3128.5293397501,857.42578038534,1.2433461787203
94277.25876444353,48.0,,-1000.0,,-1000.0,,-1000.0,,-1000.0,,-1000.0,10.0,14.0,3178.8556142817,914.06668445149,1.2405279142483
94393.53391053852,49.0,,-1000.0,,-1000.0,,-1000.0,,-1000.0,,-1000.0,10.0,14.0,3266.7908960718,1013.0355413013,1.2356035505274
94495.33972144904,50.0,,-1000.0,,-1000.0,,-1000.0,,-1000.0,,-1000.0,10.0,14.0,3343.7834690415,1099.688665936,1.2312919769998
94663.4263673184,51.0,,-1000.0,,-1000.0,,-1000.0,,-1000.0,,-1000.0,10.0,14.0,3470.9021789815,1242.7574450526,1.2241733466762
94751.44809199993,52.0,,-1000.0,,-1000.0,,-1000.0,,-1000.0,,-1000.0,10.0,14.0,3537.4702756338,1317.678094583,1.2204455423927
94820.91807601984,53.0,,-1000.0,,-1000.0,,-1000.0,,-1000.0,,-1000.0,10.0,14.0,3590.0082669923,1376.8082280185,1.2175034220817
94935.49153195886,54.0,,-1000.0,,-1000.0,,-1000.0,,-1000.0,,-1000.0,10.0,14.0,3676.6566133675,1474.3286727604,1.2126511265676
95131.1287031983,55.0,,-1000.0,,-1000.0,,-1000.0,,-1000.0,,-1000.0,10.0,14.0,3824.6109299976,1640.8473815745,1.2043657051267
95265.83219242132,56.0,,-1000.0,,-1000.0,95266.3257614673,-132.01109887817,,-1000.0,,-1000.0,10.0,14.0,3926.4829953593,1755.5017233647,1.1986608834371
95574.68998136828,57.0,,-1000.0,,-1000.0,95575.1835497442,-122.76705812839,,-1000.0,,-1000.0,10.0,14.0,4160.0625488254,2018.3893939274,1.1855804604759
95786.78445504008,58.0,,-1000.0,,-1000.0,95787.27802407971,-131.95615934924,,-1000.0,,-1000.0,10.0,14.0,4320.4630121634,2198.9159149284,1.1765980565261
96219.73080910416,59.0,,-1000.0,,-1000.0,,-1000.0,,-1000.0,,-1000.0,10.0,14.0,4500.0707689082,2456.7623435339,1.175034529922
96277.2152977978,60.0,,-1000.0,,-1000.0,,-1000.0,,-1000.0,,-1000.0,10.0,14.0,4404.148907231,2401.3342340009,1.1884167253618
96423.32143911195,61.0,,-1000.0,,-1000.0,96423.815007951,-130.01994642782,,-1000.0,,-1000.0,10.0,14.0,4160.3479550817,2260.454713486,1.2224297431767
96792.9567228768,62.0,,-1000.0,,-1000.0,,-1000.0,,-1000.0,,-1000.0,10.0,14.0,3543.5536621157,1904.0423062193,1.3084795928178
96936.68621014808,63.0,,-1000.0,,-1000.0,,-1000.0,,-1000.0,,-1000.0,10.0,14.0,3303.7185290166,1765.454420258,1.3419393335729
97015.9844470454,64.0,,-1000.0,,-1000.0,,-1000.0,,-1000.0,,-1000.0,10.0,14.0,3171.3970161395,1688.9929006305,1.360399696156
97094.77847110631,65.0,,-1000.0,,-1000.0,,-1000.0,,-1000.0,,-1000.0,10.0,14.0,3039.9168612539,1613.0175567516,1.3787426796883
97204.20667460046,66.0,,-1000.0,,-1000.0,,-1000.0,,-1000.0,,-1000.0,10.0,14.0,2857.3187858828,1507.5039027707,1.4042171970592
97384.50984980928,67.0,,-1000.0,,-1000.0,,-1000.0,,-1000.0,,-1000.0,10.0,14.0,2556.4547332422,1333.6506708509,1.4461911692366
97611.74843310528,68.0,,-1000.0,,-1000.0,,-1000.0,,-1000.0,,-1000.0,10.0,14.0,2177.2716101077,1114.5410402128,1.4990915464033
97708.28644810733,69.0,,-1000.0,,-1000.0,,-1000.0,,-1000.0,,-1000.0,10.0,14.0,2016.1828306463,1021.4564570279,1.5215652712896
97973.24509706155,70.0,,-1000.0,,-1000.0,,-1000.0,,-1000.0,,-1000.0,10.0,14.0,1574.057877415,765.97611181252,1.5832467527526
98254.71578405688,71.0,,-1000.0,,-1000.0,,-1000.0,,-1000.0,,-1000.0,10.0,14.0,1104.3800057359,494.57440982839,1.6487721810819
98395.87615613232,72.0,,-1000.0,,-1000.0,,-1000.0,,-1000.0,,-1000.0,10.0,14.0,868.83184322717,358.46373470645,1.6816338404686
98586.75999203965,73.0,,-1000.0,,-1000.0,,-1000.0,,-1000.0,,-1000.0,10.0,14.0,1015.4392338019,370.60899638821,1.6643309524338
98709.00137701115,74.0,,-1000.0,,-1000.0,,-1000.0,,-1000.0,,-1000.0,10.0,14.0,1181.6145915293,408.87962839355,1.6436548158688
98769.65196872804,75.0,,-1000.0,,-1000.0,,-1000.0,,-1000.0,,-1000.0,10.0,14.0,1264.0632137964,427.86776794255,1.6333962613098
99082.71690631197,76.0,,-1000.0,,-1000.0,,-1000.0,,-1000.0,,-1000.0,10.0,14.0,1689.6447630159,525.88034382134,1.5804438720292
99184.04304665074,77.0,,-1000.0,,-1000.0,,-1000.0,,-1000.0,,-1000.0,10.0,14.0,1827.3878655,557.60295094273,1.5633053790733
99349.00524474023,78.0,,-1000.0,,-1000.0,,-1000.0,,-1000.0,,-1000.0,10.0,14.0,2051.6380430106,609.24837020353,1.5354033642478
99454.63806022024,79.0,,-1000.0,,-1000.0,,-1000.0,,-1000.0,,-1000.0,10.0,14.0,2195.2356544432,642.31928648827,1.5175364322008
99689.01045967628,80.0,,-1000.0,,-1000.0,,-1000.0,,-1000.0,,-1000.0,10.0,14.0,2513.8422976029,715.69525366895,1.4778942460512
99808.969599348,81.0,,-1000.0,,-1000.0,,-1000.0,,-1000.0,,-1000.0,10.0,14.0,2676.9151632468,753.25137339978,1.4576041327262
99977.31400832084,82.0,,-1000.0,,-1000.0,,-1000.0,,-1000.0,,-1000.0,10.0,14.0,2905.7631298248,805.95567585395,1.4291300444238
100049.30487347709,83.0,,-1000.0,,-1000.0,,-1000.0,,-1000.0,,-1000.0,10.0,14.0,3003.6277586755,828.49416319834,1.4169533747979
100107.10735219854,84.0,,-1000.0,,-1000.0,,-1000.0,,-1000.0,,-1000.0,10.0,14.0,3082.2046463742,846.59063185877,1.4071765553998
100705.78139580195,85.0,,-1000.0,,-1000.0,,-1000.0,,-1000.0,,-1000.0,10.0,14.0,3896.0441932749,1034.0200692726,1.3059157075587
100887.37298551612,86.0,,-1000.0,,-1000.0,,-1000.0,,-1000.0,,-1000.0,10.0,14.0,4142.9004227592,1090.8717231283,1.2752009663205
100946.4718777224,87.0,,-1000.0,,-1000.0,,-1000.0,,-1000.0,,-1000.0,10.0,14.0,4223.2396593931,1109.3740654904,1.26520486912
101027.44732275956,88.0,,-1000.0,,-1000.0,,-1000.0,,-1000.0,,-1000.0,10.0,14.0,4333.3179569299,1134.725393596,1.2515085308431
101133.22428226058,89.0,,-1000.0,,-1000.0,,-1000.0,,-1000.0,,-1000.0,10.0,14.0,4234.6953691474,1222.2665812818,1.2659697301662
101224.56520073628,90.0,,-1000.0,,-1000.0,,-1000.0,,-1000.0,,-1000.0,10.0,14.0,4142.7226271065,1299.3893524092,1.2793661447764
101298.31272745668,91.0,,-1000.0,,-1000.0,,-1000.0,,-1000.0,,-1000.0,10.0,14.0,4068.4649738621,1361.65732299,1.2901822440769
101357.77456907372,92.0,,-1000.0,,-1000.0,,-1000.0,,-1000.0,,-1000.0,10.0,14.0,4008.5918226879,1411.8633213352,1.2989031491989
101562.18543787964,93.0,,-1000.0,,-1000.0,,-1000.0,,-1000.0,,-1000.0,10.0,14.0,3802.7670026545,1584.4555495934,1.3288828428023
101801.62724203776,94.0,,-1000.0,,-1000.0,,-1000.0,,-1000.0,,-1000.0,10.0,14.0,3561.6689312202,1786.6257901447,1.3640003097279
102105.71895682075,95.0,,-1000.0,,-1000.0,,-1000.0,,-1000.0,,-1000.0,10.0,14.0,3255.4737526836,2043.3825220926,1.4085995841686
102226.7294117231,96.0,,-1000.0,,-1000.0,,-1000.0,,-1000.0,,-1000.0,10.0,14.0,3133.6262440461,2145.5564631168,1.4263474484675
102471.30167280152,97.0,,-1000.0,,-1000.0,,-1000.0,,-1000.0,,-1000.0,10.0,14.0,2887.3622272857,2352.0585525415,1.4622173681731
102789.30103662529,98.0,,-1000.0,,-1000.0,,-1000.0,,-1000.0,,-1000.0,10.0,14.0,2567.1631976935,2620.5580658378,1.5088563925519
102871.69437070363,99.0,,-1000.0,,-1000.0,,-1000.0,,-1000.0,,-1000.0,10.0,14.0,2484.1999322973,2690.126035512,1.5209405196096
103181.7623014088,100.0,,-1000.0,,-1000.0,,-1000.0,,-1000.0,,-1000.0,10.0,14.0,2171.987199147,2951.9287243038,1.5664162891374
103290.97829815887,101.0,,-1000.0,,-1000.0,,-1000.0,,-1000.0,,-1000.0,10.0,14.0,2062.0157333088,3044.1441351114,1.5824343322986
103385.17591620034,102.0,,-1000.0,,-1000.0,,-1000.0,,-1000.0,,-1000.0,10.0,14.0,1967.1665313351,3123.6789313251,1.5962497215857
103599.47745400814,103.0,,-1000.0,,-1000.0,,-1000.0,,-1000.0,,-1000.0,10.0,14.0,1751.382626546,3304.6222448845,1.6276800192002
103763.6988581886,104.0,,-1000.0,,-1000.0,,-1000.0,,-1000.0,,-1000.0,10.0,14.0,1586.0252697744,3443.2809093708,1.6517653695009
103835.91055586308,105.0,,-1000.0,,-1000.0,,-1000.0,,-1000.0,,-1000.0,10.0,14.0,1513.3140692154,3504.2521183907,1.6623562181359
103931.4256528802,106.0,,-1000.0,,-1000.0,,-1000.0,,-1000.0,,-1000.0,10.0,14.0,1417.138274998,3584.8993145146,1.6763648340172
104036.65470822457,107.0,,-1000.0,,-1000.0,,-1000.0,,-1000.0,,-1000.0,10.0,14.0,1311.1813290435,3673.7483920877,1.6917981368344
104101.3208853515,108.0,,-1000.0,,-1000.0,,-1000.0,,-1000.0,,-1000.0,10.0,14.0,1246.0678429203,3728.348617939,1.701282330058
104153.21936250734,109.0,,-1000.0,,-1000.0,,-1000.0,,-1000.0,,-1000.0,10.0,14.0,1193.8103735253,3772.1685667892,1.708893962711
104211.04995105472,110.0,,-1000.0,,-1000.0,,-1000.0,,-1000.0,,-1000.0,10.0,14.0,1135.5797591272,3820.9972332743,1.7173756219089
104275.17800899027,111.0,,-1000.0,,-1000.0,,-1000.0,,-1000.0,,-1000.0,10.0,14.0,1071.0081144744,3875.1431036851,1.7267808924775
104364.96361044704,112.0,,-1000.0,,-1000.0,,-1000.0,,-1000.0,,-1000.0,10.0,14.0,980.60144789447,3950.9526587807,1.7399491982403
104452.07217167933,113.0,,-1000.0,,-1000.0,,-1000.0,,-1000.0,,-1000.0,10.0,14.0,892.89033916644,4024.5018823187,1.7527248788645
104706.69157709509,114.0,,-1000.0,,-1000.0,,-1000.0,,-1000.0,,-1000.0,10.0,14.0,636.50967994367,4239.4871753964,1.790068351863
104781.60101946865,115.0,,-1000.0,,-1000.0,,-1000.0,,-1000.0,,-1000.0,10.0,14.0,561.08207384119,4302.7361975858,1.8010548622354
104878.21671395555,116.0,,-1000.0,,-1000.0,,-1000.0,,-1000.0,,-1000.0,10.0,14.0,604.26599097769,4331.8939783007,1.7665682276884
105183.99518180217,117.0,,-1000.0,,-1000.0,,-1000.0,,-1000.0,,-1000.0,10.0,14.0,1078.3152293639,4298.2757398627,1.5405577925499
105254.76472519324,118.0,,-1000.0,,-1000.0,,-1000.0,,-1000.0,,-1000.0,10.0,14.0,1188.0294560775,4290.4951155414,1.4882498082467
105323.72230208396,119.0,,-1000.0,,-1000.0,,-1000.0,,-1000.0,,-1000.0,10.0,14.0,1294.9345859128,4282.9137044684,1.4372811050907
105533.8205918618,120.0,,-1000.0,,-1000.0,,-1000.0,,-1000.0,,-1000.0,10.0,14.0,1620.6505689798,4259.8148432213,1.2819908839416
105594.24370273338,121.0,,-1000.0,,-1000.0,,-1000.0,,-1000.0,,-1000.0,10.0,14.0,1714.3246915931,4253.1717379603,1.2373302717125
105685.61130734664,122.0,,-1000.0,,-1000.0,,-1000.0,,-1000.0,,-1000.0,10.0,14.0,1855.9721518773,4243.1264985456,1.1697976157291
105750.17889688547,123.0,,-1000.0,,-1000.0,,-1000.0,,-1000.0,,-1000.0,10.0,14.0,1956.0714716916,4236.0277363739,1.1220736896127
105923.46601247293,124.0,,-1000.0,,-1000.0,,-1000.0,,-1000.0,,-1000.0,10.0,14.0,2186.5124519263,4201.7564765121,1.0114921254507
106029.12105701744,125.0,,-1000.0,,-1000.0,,-1000.0,,-1000.0,,-1000.0,10.0,14.0,2108.7952399627,4093.9333626585,1.0440240431551
106119.91109733016,126.0,,-1000.0,,-1000.0,,-1000.0,,-1000.0,,-1000.0,10.0,14.0,2042.0123538489,4001.2802868337,1.071978923422
106179.1331937591,127.0,,-1000.0,,-1000.0,,-1000.0,,-1000.0,,-1000.0,10.0,14.0,1998.4500588261,3940.8429374061,1.090213815808
106388.73413176092,128.0,,-1000.0,,-1000.0,,-1000.0,,-1000.0,,-1000.0,10.0,14.0,1844.2728437515,3726.9409330151,1.1547513917963
106565.089135448,129.0,,-1000.0,,-1000.0,,-1000.0,,-1000.0,,-1000.0,10.0,14.0,1714.5505076201,3546.9670782573,1.2090523150644
106636.2823506666,130.0,,-1000.0,,-1000.0,,-1000.0,,-1000.0,,-1000.0,10.0,14.0,1662.1825566021,3474.312959533,1.2309731975797
106736.3516722705,131.0,,-1000.0,,-1000.0,,-1000.0,,-1000.0,,-1000.0,10.0,14.0,1588.5740629265,3372.1901891238,1.2617852326243
106898.26544149044,132.0,,-1000.0,,-1000.0,,-1000.0,,-1000.0,,-1000.0,10.0,14.0,1469.4743381899,3206.9539067636,1.3116396000914
107101.365705957,133.0,,-1000.0,,-1000.0,,-1000.0,,-1000.0,,-1000.0,10.0,14.0,1320.0788562093,2999.685971439,1.3741755738146
107372.43613577144,134.0,,-1000.0,,-1000.0,,-1000.0,,-1000.0,,-1000.0,10.0,14.0,1120.6862181979,2723.0531050922,1.4576400307446
107661.17541328422,135.0,,-1000.0,,-1000.0,,-1000.0,,-1000.0,,-1000.0,10.0,14.0,908.29681711044,2428.388821644,1.5465448478744
107729.65948242348,136.0,,-1000.0,,-1000.0,,-1000.0,,-1000.0,,-1000.0,10.0,14.0,857.92164628571,2358.4994413893,1.5676315656066
108259.75985393825,137.0,,-1000.0,,-1000.0,,-1000.0,,-1000.0,,-1000.0,10.0,14.0,467.99305260055,1817.5212707935,1.7308531300433
108389.22071605633,138.0,,-1000.0,,-1000.0,,-1000.0,,-1000.0,,-1000.0,10.0,14.0,372.76487579568,1685.4038377265,1.7707150233445
108566.05830607402,139.0,,-1000.0,,-1000.0,,-1000.0,,-1000.0,,-1000.0,10.0,14.0,532.68761189154,1760.2006065063,1.7523438857851
108846.3002414054,140.0,,-1000.0,,-1000.0,,-1000.0,,-1000.0,,-1000.0,10.0,14.0,965.36252552984,2036.5031758591,1.6782225347192
108936.12053441675,141.0,,-1000.0,,-1000.0,,-1000.0,,-1000.0,,-1000.0,10.0,14.0,1104.0390853949,2125.0608633791,1.6544659136294
109039.43583056908,142.0,,-1000.0,,-1000.0,,-1000.0,,-1000.0,,-1000.0,10.0,14.0,1263.5510327678,2226.9238545355,1.6271399913775
109384.5635876416,143.0,,-1000.0,,-1000.0,,-1000.0,,-1000.0,,-1000.0,10.0,14.0,1796.4053406324,2567.200144454,1.5358569519056
109435.09397760835,144.0,,-1000.0,,-1000.0,,-1000.0,,-1000.0,,-1000.0,10.0,14.0,1874.4209027543,2617.0202278105,1.522492139927
109583.99044465183,145.0,,-1000.0,,-1000.0,,-1000.0,,-1000.0,,-1000.0,10.0,14.0,2104.3071470915,2763.8236545105,1.4831104275036
109676.17849539113,146.0,,-1000.0,,-1000.0,,-1000.0,,-1000.0,,-1000.0,10.0,14.0,2246.639367446,2854.715816145,1.4587275568071
109798.13379847948,147.0,,-1000.0,,-1000.0,,-1000.0,,-1000.0,,-1000.0,10.0,14.0,2434.9302460724,2974.9567913212,1.4264715283727
110282.9710779681,148.0,,-1000.0,,-1000.0,,-1000.0,,-1000.0,,-1000.0,10.0,14.0,3183.4867666498,3452.9787043598,1.2982366367592
110334.53249286723,149.0,,-1000.0,,-1000.0,,-1000.0,,-1000.0,,-1000.0,10.0,14.0,3263.0941627099,3503.8153195125,1.2845991284017
110493.22059149884,150.0,,-1000.0,,-1000.0,,-1000.0,,-1000.0,,-1000.0,10.0,14.0,3508.0980351307,3660.2727366574,1.2426276216936
110749.0632522756,151.0,,-1000.0,,-1000.0,,-1000.0,,-1000.0,,-1000.0,10.0,14.0,3903.1020912716,3912.5190125015,1.1749596488236
110843.46510507444,152.0,,-1000.0,,-1000.0,,-1000.0,,-1000.0,,-1000.0,10.0,14.0,3760.1012830447,3953.1297783136,1.181405223573
110952.05762045618,153.0,,-1000.0,,-1000.0,,-1000.0,,-1000.0,,-1000.0,10.0,14.0,3555.9655326234,3992.6431326821,1.1931321171574
111013.39725872314,154.0,,-1000.0,,-1000.0,,-1000.0,,-1000.0,,-1000.0,10.0,14.0,3440.6572809988,4014.9626715117,1.1997561778298
111081.56014287005,155.0,,-1000.0,,-1000.0,,-1000.0,,-1000.0,,-1000.0,10.0,14.0,3312.5224693381,4039.7649719889,1.2071170800613
111319.42759500325,156.0,,-1000.0,,-1000.0,,-1000.0,,-1000.0,,-1000.0,10.0,14.0,2865.3714785787,4126.3173544976,1.2328043595994
111730.74014668445,157.0,,-1000.0,,-1000.0,,-1000.0,,-1000.0,,-1000.0,10.0,14.0,2092.1727355535,4275.9808792243,1.277221956029
111956.71548504112,158.0,,-1000.0,,-1000.0,,-1000.0,,-1000.0,,-1000.0,10.0,14.0,2105.4598978115,4154.3896506367,1.3275060373829
112088.16373996653,159.0,,-1000.0,,-1000.0,,-1000.0,,-1000.0,,-1000.0,10.0,14.0,2307.8213366127,3993.1089076796,1.3682544080546
112196.78928552248,160.0,,-1000.0,,-1000.0,,-1000.0,,-1000.0,,-1000.0,10.0,14.0,2475.0477611988,3859.830541213,1.4019278409749
112278.1028358586,161.0,,-1000.0,,-1000.0,,-1000.0,,-1000.0,,-1000.0,10.0,14.0,2600.2280235719,3760.0626909809,1.4271346776241
112502.08212717695,162.0,,-1000.0,,-1000.0,,-1000.0,,-1000.0,,-1000.0,10.0,14.0,2945.0387757463,3485.2507771121,1.4965672554138
112561.04331187977,163.0,,-1000.0,,-1000.0,,-1000.0,112561.53688095525,-132.26227420893,,-1000.0,10.0,14.0,3035.8081068162,3412.9082140262,1.5148449587647
112670.92180967989,164.0,,-1000.0,,-1000.0,,-1000.0,,-1000.0,,-1000.0,10.0,14.0,3204.96342136,3278.0925348813,1.5489068012726
112861.57151215753,165.0,,-1000.0,,-1000.0,,-1000.0,,-1000.0,,-1000.0,10.0,14.0,3251.4790737489,3135.9189262819,1.590395997856
112980.26210726357,166.0,,-1000.0,,-1000.0,,-1000.0,112980.7556755118,-119.01875361337,,-1000.0,10.0,14.0,3024.9298695985,3142.3179303129,1.5980063622734
113203.2044131619,167.0,,-1000.0,,-1000.0,,-1000.0,,-1000.0,,-1000.0,10.0,14.0,2599.3915029941,3154.3374901848,1.6123012791573
113275.88660183147,168.0,,-1000.0,,-1000.0,,-1000.0,,-1000.0,,-1000.0,10.0,14.0,2460.6602750961,3158.2560282784,1.6169616142237
113336.34453157996,169.0,,-1000.0,,-1000.0,,-1000.0,,-1000.0,,-1000.0,10.0,14.0,2345.261950091,3161.5155159894,1.6208381376913
113534.20597513446,170.0,,-1000.0,,-1000.0,,-1000.0,,-1000.0,,-1000.0,10.0,14.0,1967.5963690121,3172.1828833048,1.6335248858558
113689.3687198556,171.0,,-1000.0,,-1000.0,,-1000.0,,-1000.0,,-1000.0,10.0,14.0,1671.4314007688,3180.5482220078,1.6434738209864
113775.7864207647,172.0,,-1000.0,,-1000.0,,-1000.0,,-1000.0,,-1000.0,10.0,14.0,1506.482683914,3185.2072871677,1.6490148682399
113835.94649896602,173.0,,-1000.0,,-1000.0,,-1000.0,,-1000.0,,-1000.0,10.0,14.0,1391.6528793624,3188.4507167129,1.6528722936584
113970.44484381667,174.0,,-1000.0,,-1000.0,,-1000.0,,-1000.0,,-1000.0,10.0,14.0,1134.9308285694,3195.7019690138,1.6614962407953
114151.76775433344,175.0,,-1000.0,,-1000.0,,-1000.0,,-1000.0,,-1000.0,10.0,14.0,862.74252106551,3183.6048892778,1.6737531399255
114231.4797071312,176.0,,-1000.0,,-1000.0,,-1000.0,,-1000.0,,-1000.0,10.0,14.0,967.63770798877,3111.832685525,1.6810573033362
114337.6861926188,177.0,,-1000.0,,-1000.0,,-1000.0,,-1000.0,,-1000.0,10.0,14.0,1107.3977910963,3016.2049503015,1.690789213019
114664.47541249527,178.0,,-1000.0,,-1000.0,,-1000.0,,-1000.0,,-1000.0,10.0,14.0,1537.4288604696,2721.9657346006,1.7207335535983
114806.00364794584,179.0,,-1000.0,,-1000.0,,-1000.0,,-1000.0,,-1000.0,10.0,14.0,1723.6698217238,2594.534490038,1.7337020648776
115053.22058706492,180.0,,-1000.0,,-1000.0,,-1000.0,,-1000.0,115053.71415620118,-132.75894117693,10.0,14.0,2048.989502516,2371.9417181532,1.7563550404707
115126.649443127,181.0,,-1000.0,,-1000.0,,-1000.0,,-1000.0,,-1000.0,10.0,14.0,2145.6165868097,2305.8267801338,1.7630834713384
115186.50510646908,182.0,,-1000.0,,-1000.0,,-1000.0,,-1000.0,,-1000.0,10.0,14.0,2224.3823273835,2251.9330701648,1.7685681637937
115297.0176365552,183.0,,-1000.0,,-1000.0,,-1000.0,,-1000.0,,-1000.0,10.0,14.0,2369.808854948,2152.4281960751,1.7786946448337
115484.34020480608,184.0,,-1000.0,,-1000.0,,-1000.0,,-1000.0,,-1000.0,10.0,14.0,2616.3118588514,1983.7639862028,1.7958593811246
115932.54364225351,185.0,,-1000.0,,-1000.0,,-1000.0,,-1000.0,,-1000.0,10.0,14.0,3206.1152910927,1580.2040769769,1.8369291458641
116004.7556580243,186.0,,-1000.0,,-1000.0,,-1000.0,,-1000.0,,-1000.0,10.0,14.0,3301.141101232,1515.1847752611,1.8435460752566
116096.30862086052,187.0,,-1000.0,,-1000.0,,-1000.0,,-1000.0,,-1000.0,10.0,14.0,3413.251241148,1474.9323282768,1.8358443547066
116205.71048000795,188.0,,-1000.0,,-1000.0,,-1000.0,,-1000.0,,-1000.0,10.0,14.0,3535.6020238079,1485.3935669784,1.8043018160274
116294.40872506674,189.0,,-1000.0,,-1000.0,,-1000.0,,-1000.0,,-1000.0,10.0,14.0,3634.7986900078,1493.8750820203,1.7787285045009
116369.3842487878,190.0,,-1000.0,,-1000.0,,-1000.0,,-1000.0,,-1000.0,10.0,14.0,3718.6483985876,1501.0444012306,1.7571117022327
116526.23082863713,191.0,,-1000.0,,-1000.0,,-1000.0,,-1000.0,,-1000.0,10.0,14.0,3894.0595108999,1516.0424051413,1.7118899907356
116639.71179856575,192.0,,-1000.0,,-1000.0,,-1000.0,,-1000.0,,-1000.0,10.0,14.0,4020.9722123473,1526.8936971007,1.6791713704925
116708.50330593008,193.0,,-1000.0,,-1000.0,,-1000.0,,-1000.0,,-1000.0,10.0,14.0,4097.9059576416,1533.4716875004,1.6593375322127
116855.34269639022,194.0,,-1000.0,,-1000.0,,-1000.0,,-1000.0,,-1000.0,10.0,14.0,4262.1254187004,1547.5127826552,1.6170010747766
116992.0737580072,195.0,,-1000.0,,-1000.0,,-1000.0,,-1000.0,,-1000.0,10.0,14.0,4415.0401180762,1560.5872978841,1.5775790317389
117042.69517377231,196.0,,-1000.0,,-1000.0,,-1000.0,,-1000.0,,-1000.0,10.0,14.0,4471.6531398882,1565.4278254388,1.5629839601632
117102.22947005312,197.0,,-1000.0,,-1000.0,,-1000.0,,-1000.0,,-1000.0,10.0,14.0,4538.2339804863,1571.1206216049,1.545819143607
117157.7467373474,198.0,,-1000.0,,-1000.0,,-1000.0,,-1000.0,,-1000.0,10.0,14.0,4578.3296686442,1578.4683489574,1.5341409820335
117253.36277102932,199.0,,-1000.0,,-1000.0,,-1000.0,,-1000.0,,-1000.0,10.0,14.0,4479.1643762116,1606.7197678301,1.5471363066025
117481.05819959832,200.0,,-1000.0,,-1000.0,,-1000.0,,-1000.0,,-1000.0,10.0,14.0,4243.0169133841,1673.9963393442,1.5780827481477
117568.4747459231,201.0,,-1000.0,,-1000.0,,-1000.0,,-1000.0,,-1000.0,10.0,14.0,4152.3554725574,1699.8250771774,1.5899636675756
117617.85277624716,202.0,,-1000.0,,-1000.0,117618.3463453376,-132.38711794303,,-1000.0,,-1000.0,10.0,14.0,4101.1445340957,1714.4146743828,1.5966747128462
117939.8951635143,203.0,,-1000.0,,-1000.0,,-1000.0,,-1000.0,,-1000.0,10.0,14.0,3767.1479617726,1809.5676945102,1.640443996996
117989.42019703804,204.0,,-1000.0,,-1000.0,,-1000.0,,-1000.0,,-1000.0,10.0,14.0,3715.7845633657,1824.2007263657,1.6471750217013
118089.5070912674,205.0,,-1000.0,,-1000.0,,-1000.0,,-1000.0,,-1000.0,10.0,14.0,3611.9824524362,1853.7731386867,1.6607779879144
118143.57671993766,206.0,,-1000.0,,-1000.0,,-1000.0,,-1000.0,,-1000.0,10.0,14.0,3555.9057639112,1869.7489501592,1.6681266756484
118201.52725630617,207.0,,-1000.0,,-1000.0,,-1000.0,,-1000.0,,-1000.0,10.0,14.0,3495.8041087358,1886.8714432579,1.6760028236129
118696.52830714289,208.0,,-1000.0,,-1000.0,,-1000.0,,-1000.0,,-1000.0,10.0,14.0,2982.4286624823,2033.1281064042,1.7432791900328
118886.57107303424,209.0,,-1000.0,,-1000.0,,-1000.0,,-1000.0,,-1000.0,10.0,14.0,2785.3315258564,2089.2795443608,1.7691081993489
119057.51198258428,210.0,,-1000.0,,-1000.0,,-1000.0,,-1000.0,,-1000.0,10.0,14.0,2608.0453047971,2139.7870068883,1.7923410455168
119129.3678647294,211.0,,-1000.0,,-1000.0,,-1000.0,,-1000.0,,-1000.0,10.0,14.0,2533.5221386345,2161.0180760593,1.8021070907574
119406.93073297176,212.0,,-1000.0,,-1000.0,,-1000.0,,-1000.0,,-1000.0,10.0,14.0,2245.6561611654,2243.0288492772,1.8398310939628
119502.42922114188,213.0,,-1000.0,,-1000.0,,-1000.0,,-1000.0,119502.92279030044,-132.93453250219,10.0,14.0,2146.6127775241,2271.2455372858,1.8528104427376
119734.68480395514,214.0,,-1000.0,,-1000.0,,-1000.0,,-1000.0,119735.17837278883,-129.96178508499,10.0,14.0,1905.7358879295,2339.8694856233,1.8843766619729
119853.20628618184,215.0,,-1000.0,,-1000.0,,-1000.0,,-1000.0,119853.69985513193,-131.1425183043,10.0,14.0,1782.8148987196,2374.888717345,1.9004851018508
119911.83929228278,216.0,,-1000.0,,-1000.0,,-1000.0,,-1000.0,119912.3328613504,-132.19602105844,10.0,14.0,1722.0054405955,2392.212857987,1.9084540053432
119961.81001246536,217.0,,-1000.0,,-1000.0,,-1000.0,,-1000.0,,-1000.0,10.0,14.0,1670.1798116802,2406.9775757116,1.9152456040187
120317.65813906252,218.0,,-1000.0,,-1000.0,,-1000.0,,-1000.0,,-1000.0,10.0,14.0,1327.7580888818,2514.5595026098,1.9583469956546
120394.60107689138,219.0,,-1000.0,,-1000.0,,-1000.0,,-1000.0,,-1000.0,10.0,14.0,1425.5281182812,2553.5629980758,1.9337213299885
120447.21937932784,220.0,,-1000.0,,-1000.0,,-1000.0,,-1000.0,,-1000.0,10.0,14.0,1492.3892639733,2580.2359816973,1.9168807886695
120555.7215077984,221.0,,-1000.0,,-1000.0,,-1000.0,,-1000.0,,-1000.0,10.0,14.0,1630.2609984015,2635.2372903978,1.882154571876
120741.33239934703,222.0,,-1000.0,,-1000.0,,-1000.0,,-1000.0,,-1000.0,10.0,14.0,1866.1134734384,2729.3261537975,1.8227496168764
120803.57956400054,223.0,,-1000.0,,-1000.0,,-1000.0,,-1000.0,,-1000.0,10.0,14.0,1945.2098439427,2760.8801478721,1.8028273483919
121073.34514150293,224.0,,-1000.0,,-1000.0,,-1000.0,,-1000.0,,-1000.0,10.0,14.0,2287.9961890916,2897.6282468644,1.7164886003892
121183.55047800098,225.0,,-1000.0,,-1000.0,,-1000.0,,-1000.0,,-1000.0,10.0,14.0,2428.032159818,2953.4929365125,1.6812172701308
121364.39861953548,226.0,,-1000.0,,-1000.0,,-1000.0,121364.8921886707,-132.75061155498,,-1000.0,10.0,14.0,2657.8326927013,3045.1674925849,1.623336638127
121438.85174825921,227.0,,-1000.0,,-1000.0,,-1000.0,121439.34531707143,-129.72607863614,,-1000.0,10.0,14.0,2752.4389657344,3082.9088675642,1.5995078384025
121505.68698466304,228.0,,-1000.0,,-1000.0,,-1000.0,121506.18055320308,-126.03973372209,,-1000.0,10.0,14.0,2837.3653178144,3116.7886220108,1.5781171528784
121672.07772139132,229.0,,-1000.0,,-1000.0,,-1000.0,121672.57128981978,-123.94864739671,,-1000.0,10.0,14.0,3048.7950822708,3201.1345090887,1.5248636280167
121848.44949173936,230.0,,-1000.0,,-1000.0,,-1000.0,,-1000.0,,-1000.0,10.0,14.0,3272.9075695081,3290.5399274312,1.4684156631732
121930.7346741448,231.0,,-1000.0,,-1000.0,,-1000.0,,-1000.0,,-1000.0,10.0,14.0,3377.4658945466,3332.2514844555,1.442080206686
121993.52370729284,232.0,,-1000.0,,-1000.0,,-1000.0,,-1000.0,,-1000.0,10.0,14.0,3351.9848265606,3253.7311522143,1.4308755342682
122120.84562526828,233.0,,-1000.0,,-1000.0,,-1000.0,,-1000.0,,-1000.0,10.0,14.0,3292.4815107169,3086.2979791044,1.4088166355728
122233.63164813894,234.0,,-1000.0,,-1000.0,,-1000.0,,-1000.0,,-1000.0,10.0,14.0,3239.771478946,2937.9800618757,1.3892761236772
122448.63398601176,235.0,,-1000.0,,-1000.0,,-1000.0,,-1000.0,,-1000.0,10.0,14.0,3139.2911200179,2655.2437959718,1.3520263330218
122526.91017444422,236.0,,-1000.0,,-1000.0,,-1000.0,,-1000.0,,-1000.0,10.0,14.0,3102.7091014826,2552.307625856,1.3384647519653
122599.10157630139,237.0,,-1000.0,,-1000.0,,-1000.0,,-1000.0,,-1000.0,10.0,14.0,3068.9707801141,2457.3731819173,1.3259573781716
122659.37295322063,238.0,,-1000.0,,-1000.0,,-1000.0,,-1000.0,,-1000.0,10.0,14.0,3052.3189336497,2426.0132945523,1.3212376747953
122800.1973788112,239.0,,-1000.0,,-1000.0,,-1000.0,,-1000.0,,-1000.0,10.0,14.0,3085.9769362183,2654.5734869078,1.3462697993687
123173.82766080076,240.0,,-1000.0,,-1000.0,,-1000.0,,-1000.0,,-1000.0,10.0,14.0,3175.2771335256,3260.9811378764,1.4126841285871
123353.1640294252,241.0,,-1000.0,,-1000.0,,-1000.0,,-1000.0,,-1000.0,10.0,14.0,3218.1397543422,3552.0468016436,1.4445619104501
123640.8950656101,242.0,,-1000.0,,-1000.0,,-1000.0,,-1000.0,,-1000.0,10.0,14.0,3411.2390419614,3294.2322014706,1.4843900477413
123697.89308780154,243.0,,-1000.0,,-1000.0,,-1000.0,,-1000.0,,-1000.0,10.0,14.0,3456.2241829339,3203.9079535184,1.4916668995101
123885.96014130487,244.0,,-1000.0,,-1000.0,,-1000.0,,-1000.0,,-1000.0,10.0,14.0,3604.6542966265,2905.8798023795,1.5156771373805
123951.75227211251,245.0,,-1000.0,,-1000.0,,-1000.0,,-1000.0,,-1000.0,10.0,14.0,3656.5801032681,2801.6196103957,1.5240767197702
124212.73806337938,246.0,,-1000.0,124213.23163251232,-132.73263902277,,-1000.0,,-1000.0,,-1000.0,10.0,14.0,3862.5606296191,2388.0377979737,1.5573963832219
124623.98733202188,247.0,,-1000.0,,-1000.0,124624.48090111699,-132.42564954882,,-1000.0,,-1000.0,10.0,14.0,4187.1351606893,1736.3348180656,1.6098999588358
124777.5842920664,248.0,,-1000.0,,-1000.0,,-1000.0,,-1000.0,,-1000.0,10.0,14.0,4308.3600845532,1492.9311108781,1.6295094517168
124927.34388806396,249.0,,-1000.0,,-1000.0,,-1000.0,,-1000.0,,-1000.0,10.0,14.0,4426.5564057397,1255.6084396341,1.6486290341013
124983.13206987288,250.0,,-1000.0,,-1000.0,,-1000.0,,-1000.0,,-1000.0,10.0,14.0,4470.5866918231,1167.201414745,1.6557514273682
125142.28349112088,251.0,,-1000.0,,-1000.0,,-1000.0,,-1000.0,,-1000.0,10.0,14.0,4596.1954207851,914.99560334934,1.6760700499572
125226.81161657193,252.0,,-1000.0,,-1000.0,,-1000.0,,-1000.0,,-1000.0,10.0,14.0,4662.9084310503,781.04465086662,1.6868616286043
125305.767402239,253.0,,-1000.0,,-1000.0,,-1000.0,,-1000.0,,-1000.0,10.0,14.0,4644.2836656302,761.93032734117,1.6778428140767
125433.9859520064,254.0,,-1000.0,,-1000.0,,-1000.0,,-1000.0,,-1000.0,10.0,14.0,4507.5885840811,870.30635259444,1.6380784694893
125501.8473242338,255.0,,-1000.0,,-1000.0,,-1000.0,,-1000.0,,-1000.0,10.0,14.0,4435.2408947063,927.66580490128,1.6170326614193
125698.22238313776,256.0,,-1000.0,,-1000.0,,-1000.0,,-1000.0,,-1000.0,10.0,14.0,4225.8834753641,1093.6507453136,1.5561309781231
125834.80848328104,257.0,,-1000.0,,-1000.0,,-1000.0,,-1000.0,,-1000.0,10.0,14.0,4080.2676644582,1209.0993965832,1.5137716099834
125994.162072527,258.0,,-1000.0,,-1000.0,,-1000.0,,-1000.0,,-1000.0,10.0,14.0,3910.3792051319,1343.7921430202,1.464351373633
126136.56448399772,259.0,,-1000.0,,-1000.0,,-1000.0,,-1000.0,,-1000.0,10.0,14.0,3758.5625664004,1464.156999507,1.4201881962295
126415.28611891717,260.0,,-1000.0,,-1000.0,,-1000.0,,-1000.0,,-1000.0,10.0,14.0,3461.4146366837,1699.7449312026,1.333748417001
126507.88032925338,261.0,,-1000.0,,-1000.0,,-1000.0,,-1000.0,,-1000.0,10.0,14.0,3362.6990206063,1778.0096791343,1.3050322281711
126628.08680232114,262.0,,-1000.0,,-1000.0,,-1000.0,,-1000.0,,-1000.0,10.0,14.0,3234.5456943639,1879.6135405447,1.2677526642908
126747.89904542016,263.0,,-1000.0,,-1000.0,,-1000.0,,-1000.0,,-1000.0,10.0,14.0,3106.8126606442,1980.8841812385,1.2305953627223
126800.71120989788,264.0,,-1000.0,,-1000.0,,-1000.0,,-1000.0,,-1000.0,10.0,14.0,3050.5090825493,2025.5233733172,1.2142167567367
126856.004828712,265.0,,-1000.0,,-1000.0,,-1000.0,,-1000.0,,-1000.0,10.0,14.0,2991.560001105,2072.2600010502,1.1970685787546
126949.8284088387,266.0,,-1000.0,,-1000.0,,-1000.0,,-1000.0,,-1000.0,10.0,14.0,2891.5337415671,2151.5638670477,1.1679711261836
127065.40624603113,267.0,,-1000.0,,-1000.0,,-1000.0,,-1000.0,,-1000.0,10.0,14.0,2768.3150504426,2249.2553993961,1.1321270384668
127190.05013556432,268.0,,-1000.0,,-1000.0,,-1000.0,,-1000.0,,-1000.0,10.0,14.0,2638.852530992,2355.8752918433,1.0938298610694
127556.85186345408,269.0,,-1000.0,,-1000.0,,-1000.0,127557.34543224762,-129.51612381924,,-1000.0,10.0,14.0,2872.3273663424,2896.8672917593,1.0455201813811
127751.49071647404,270.0,,-1000.0,,-1000.0,,-1000.0,127751.98428480633,-121.65250770526,,-1000.0,10.0,14.0,2996.2179336607,3183.9380832804,1.0198852404052
127830.01127398682,271.0,,-1000.0,,-1000.0,,-1000.0,127830.50484270568,-128.62305340556,,-1000.0,10.0,14.0,3046.1974535021,3299.747225423,1.0095436779371
127926.80468959376,272.0,,-1000.0,,-1000.0,,-1000.0,127927.2982585537,-131.23566564529,,-1000.0,10.0,14.0,3051.1578967415,3374.4205047052,1.0063909168626
128119.05602148204,273.0,,-1000.0,,-1000.0,,-1000.0,128119.54959025804,-129.31435463151,,-1000.0,10.0,14.0,2781.5355977966,3186.8427710383,1.0474665713799
128347.8967708976,274.0,,-1000.0,,-1000.0,,-1000.0,,-1000.0,,-1000.0,10.0,14.0,2460.5985809048,2963.5651025591,1.0963597752405
129026.16883762176,275.0,,-1000.0,,-1000.0,,-1000.0,,-1000.0,,-1000.0,10.0,14.0,1509.3579723531,2301.7817180898,1.2412766858694
129168.77618337328,276.0,,-1000.0,,-1000.0,,-1000.0,,-1000.0,,-1000.0,10.0,14.0,1309.358731618,2162.6411334312,1.2717456038643
129353.66947658268,277.0,,-1000.0,,-1000.0,,-1000.0,,-1000.0,,-1000.0,10.0,14.0,1050.055691764,1982.2425657343,1.3112491691185
129403.97620596417,278.0,,-1000.0,,-1000.0,,-1000.0,,-1000.0,,-1000.0,10.0,14.0,979.50317129502,1933.1587846602,1.3219975047252
129485.76972938048,279.0,,-1000.0,,-1000.0,,-1000.0,,-1000.0,,-1000.0,10.0,14.0,864.79209176333,1853.3536483295,1.3394731834454
129702.5393175232,280.0,,-1000.0,,-1000.0,,-1000.0,,-1000.0,,-1000.0,10.0,14.0,560.78423848953,1641.8536931798,1.3857873110249
129764.94518075326,281.0,,-1000.0,,-1000.0,,-1000.0,,-1000.0,,-1000.0,10.0,14.0,473.26332434829,1580.9649062087,1.3991206994219
129823.17157878424,282.0,,-1000.0,,-1000.0,,-1000.0,,-1000.0,,-1000.0,10.0,14.0,391.60388853476,1524.153982326,1.4115611199163
129913.57319920076,283.0,,-1000.0,,-1000.0,,-1000.0,,-1000.0,,-1000.0,10.0,14.0,364.17696734109,1561.928821407,1.4320241339297
130043.84392443176,284.0,,-1000.0,,-1000.0,,-1000.0,,-1000.0,,-1000.0,10.0,14.0,431.95903192687,1752.4200321292,1.4627518016974
130114.54421746696,285.0,,-1000.0,,-1000.0,,-1000.0,,-1000.0,,-1000.0,10.0,14.0,468.74559176408,1855.8030784338,1.4794282661264
130289.2119721766,286.0,,-1000.0,,-1000.0,,-1000.0,,-1000.0,,-1000.0,10.0,14.0,559.62818268989,2111.2148143382,1.5206281038254
130469.77344851538,287.0,,-1000.0,,-1000.0,,-1000.0,,-1000.0,,-1000.0,10.0,14.0,653.57737679459,2375.2447733068,1.5632181258487
130549.77528582377,288.0,,-1000.0,,-1000.0,,-1000.0,,-1000.0,,-1000.0,10.0,14.0,695.20368764683,2492.2292057021,1.5820885963497
130739.81127187912,289.0,,-1000.0,,-1000.0,,-1000.0,,-1000.0,,-1000.0,10.0,14.0,794.08262961613,2770.1134732556,1.6269134227492
130818.7156871444,290.0,,-1000.0,,-1000.0,,-1000.0,,-1000.0,,-1000.0,10.0,14.0,835.13793319354,2885.4931763205,1.6455250383165
130951.24381068912,291.0,,-1000.0,,-1000.0,,-1000.0,,-1000.0,,-1000.0,10.0,14.0,978.24450134623,2906.5724375074,1.6575097739396
131062.14656469069,292.0,,-1000.0,,-1000.0,,-1000.0,,-1000.0,,-1000.0,10.0,14.0,1137.3528572754,2832.5488577891,1.6573089373377
131131.6009530376,293.0,,-1000.0,,-1000.0,,-1000.0,,-1000.0,,-1000.0,10.0,14.0,1236.9966726291,2786.190563995,1.6571831606293
131234.252567975,294.0,,-1000.0,,-1000.0,,-1000.0,,-1000.0,,-1000.0,10.0,14.0,1384.2674039396,2717.6743213648,1.6569972662238
131361.49500111147,295.0,,-1000.0,,-1000.0,,-1000.0,,-1000.0,,-1000.0,10.0,14.0,1566.8177339385,2632.7445964214,1.6567668396837
131441.8315869934,296.0,,-1000.0,,-1000.0,,-1000.0,,-1000.0,,-1000.0,10.0,14.0,1682.073862749,2579.1228291095,1.6566213561287
131519.61111721108,297.0,,-1000.0,,-1000.0,,-1000.0,,-1000.0,,-1000.0,10.0,14.0,1793.6614719954,2527.2078040287,1.6564805032104
131577.4678068529,298.0,,-1000.0,,-1000.0,,-1000.0,,-1000.0,,-1000.0,10.0,14.0,1876.6664690424,2488.5905549217,1.6563757290679
131645.00528946868,299.0,,-1000.0,,-1000.0,,-1000.0,,-1000.0,,-1000.0,10.0,14.0,1973.5601658612,2443.5117264166,1.6562534237327
131808.12553247905,300.0,,-1000.0,,-1000.0,,-1000.0,,-1000.0,,-1000.0,10.0,14.0,2207.5831521958,2334.6348601851,1.6559580251593
131934.14633554264,301.0,,-1000.0,,-1000.0,,-1000.0,,-1000.0,,-1000.0,10.0,14.0,2388.3808516656,2250.5205291595,1.6557298109
132027.21862260823,302.0,,-1000.0,,-1000.0,,-1000.0,,-1000.0,,-1000.0,10.0,14.0,2521.9084516871,2188.3981416391,1.6555612639416
132134.55504544792,303.0,,-1000.0,,-1000.0,,-1000.0,,-1000.0,,-1000.0,10.0,14.0,2675.9003153078,2116.7549590665,1.655366885699
132246.11803275638,304.0,,-1000.0,,-1000.0,,-1000.0,,-1000.0,,-1000.0,10.0,14.0,2835.9558851899,2042.29069748,1.6551648534639
132322.4450471127,305.0,,-1000.0,,-1000.0,,-1000.0,,-1000.0,,-1000.0,10.0,14.0,2945.4596200301,1991.3451742355,1.6550266309433
132422.47848533659,306.0,,-1000.0,,-1000.0,,-1000.0,,-1000.0,,-1000.0,10.0,14.0,3088.9741435157,1924.5764699277,1.6548454778602
132492.75973643703,307.0,,-1000.0,,-1000.0,,-1000.0,,-1000.0,,-1000.0,10.0,14.0,3189.804230342,1877.6662751325,1.6547182037652
132570.37408534868,308.0,,-1000.0,,-1000.0,,-1000.0,,-1000.0,,-1000.0,10.0,14.0,3301.1548596662,1825.8615026031,1.6545776499779
132673.67032013164,309.0,,-1000.0,,-1000.0,,-1000.0,,-1000.0,,-1000.0,10.0,14.0,3305.9038444801,1975.9487761142,1.6158980522122
132859.80624529533,310.0,,-1000.0,,-1000.0,,-1000.0,,-1000.0,,-1000.0,10.0,14.0,3288.0078100135,2286.7932435735,1.539100318531
133018.7754399015,311.0,,-1000.0,,-1000.0,,-1000.0,,-1000.0,,-1000.0,10.0,14.0,3272.7237202641,2552.2696399026,1.4735112934132
133101.6431906345,312.0,,-1000.0,,-1000.0,,-1000.0,,-1000.0,,-1000.0,10.0,14.0,3264.7564021766,2690.6576583547,1.4393209271744
133212.5590075385,313.0,,-1000.0,,-1000.0,,-1000.0,,-1000.0,,-1000.0,10.0,14.0,3254.0924033787,2875.8855664442,1.3935582225265
133286.44851390563,314.0,,-1000.0,,-1000.0,,-1000.0,,-1000.0,,-1000.0,10.0,14.0,3246.9882984,2999.2800387221,1.3630721859012
133503.61443238507,315.0,,-1000.0,,-1000.0,,-1000.0,,-1000.0,,-1000.0,10.0,14.0,3226.1088859026,3361.9441736586,1.273471801895
133570.11960520633,316.0,,-1000.0,,-1000.0,,-1000.0,,-1000.0,,-1000.0,10.0,14.0,3219.7147475117,3473.0069091877,1.2460324639689
133666.11692585438,317.0,,-1000.0,,-1000.0,,-1000.0,,-1000.0,,-1000.0,10.0,14.0,3189.630537439,3541.7846053068,1.2263539847746
133727.16729920785,318.0,,-1000.0,,-1000.0,,-1000.0,,-1000.0,,-1000.0,10.0,14.0,3148.1060782325,3487.2390048878,1.2352376283818
133816.61564556873,319.0,,-1000.0,,-1000.0,,-1000.0,133817.10921466383,-132.42562306812,,-1000.0,10.0,14.0,3087.2662503081,3407.3211683418,1.2482535558311
133928.34225920003,320.0,,-1000.0,,-1000.0,,-1000.0,133928.83582792283,-128.67250738509,,-1000.0,10.0,14.0,3011.2734765515,3307.4987612287,1.2645112683138
133983.84710557532,321.0,,-1000.0,,-1000.0,,-1000.0,133984.3406741378,-126.40776352425,,-1000.0,10.0,14.0,2973.5209026937,3257.9078250001,1.2725879637799
134045.94679491973,322.0,,-1000.0,,-1000.0,,-1000.0,134046.4403633538,-124.06566146489,,-1000.0,10.0,14.0,2931.2827332073,3202.4247107281,1.2816242968594
134268.75005053158,323.0,,-1000.0,,-1000.0,,-1000.0,134269.24361931873,-129.44287813569,,-1000.0,10.0,14.0,2779.7392750674,3003.3606152101,1.3140451422803
134393.48299310356,324.0,,-1000.0,,-1000.0,,-1000.0,,-1000.0,,-1000.0,10.0,14.0,2694.9000234621,2891.917672753,1.332195449101
134482.89221969113,325.0,,-1000.0,,-1000.0,,-1000.0,,-1000.0,,-1000.0,10.0,14.0,2634.0868035229,2812.034787861,1.3452056841016
134578.81238456,326.0,,-1000.0,,-1000.0,,-1000.0,,-1000.0,,-1000.0,10.0,14.0,2568.8450571684,2726.3346897671,1.3591633474643
134706.97834643433,327.0,,-1000.0,,-1000.0,,-1000.0,,-1000.0,,-1000.0,10.0,14.0,2481.6707785659,2611.8245080975,1.3778132043829
135030.01250897005,328.0,,-1000.0,,-1000.0,,-1000.0,,-1000.0,,-1000.0,10.0,14.0,2261.9535488802,2323.2088718043,1.4248189836317
135149.83803121487,329.0,,-1000.0,,-1000.0,,-1000.0,,-1000.0,,-1000.0,10.0,14.0,2180.4521634334,2216.1504756416,1.4422551953402
135240.02593498075,330.0,,-1000.0,,-1000.0,,-1000.0,,-1000.0,135240.51950390855,-130.92785230966,10.0,14.0,2119.1093128474,2135.5718797835,1.4553787382561
135433.22441786327,331.0,,-1000.0,,-1000.0,,-1000.0,,-1000.0,135433.71798654113,-128.09239372453,10.0,14.0,1987.7020489681,1962.9582384572,1.4834916943791
135584.17895488665,332.0,,-1000.0,,-1000.0,,-1000.0,,-1000.0,135584.6725238219,-131.00054539629,10.0,14.0,1885.027729872,1828.0875504394,1.5054575929337
135664.94464753574,333.0,,-1000.0,,-1000.0,,-1000.0,,-1000.0,135665.43821670173,-132.99210343616,10.0,14.0,1830.0935578849,1755.9272513811,1.5172100784595
135714.9156837072,334.0,,-1000.0,,-1000.0,,-1000.0,,-1000.0,,-1000.0,10.0,14.0,1796.1049000108,1711.2805109631,1.5244815307315
135811.9320447326,335.0,,-1000.0,,-1000.0,,-1000.0,,-1000.0,,-1000.0,10.0,14.0,1730.1175570273,1624.6010138211,1.538598705256
135877.5922911366,336.0,,-1000.0,,-1000.0,,-1000.0,,-1000.0,,-1000.0,10.0,14.0,1685.4576135493,1565.9367114255,1.5481531468782
135954.86820549544,337.0,,-1000.0,,-1000.0,,-1000.0,,-1000.0,,-1000.0,10.0,14.0,1632.8970741592,1496.8943630318,1.5593978231164
136113.034129103,338.0,,-1000.0,,-1000.0,,-1000.0,,-1000.0,,-1000.0,10.0,14.0,1525.3178067132,1355.5806446199,1.5824130746038
136231.17968313044,339.0,,-1000.0,,-1000.0,,-1000.0,,-1000.0,,-1000.0,10.0,14.0,1444.9590804821,1250.0232200328,1.5996048285294
136476.8569791596,340.0,,-1000.0,,-1000.0,,-1000.0,,-1000.0,,-1000.0,10.0,14.0,1277.8574511798,1030.5222590204,1.6353541519228
136532.1065413748,341.0,,-1000.0,,-1000.0,,-1000.0,,-1000.0,,-1000.0,10.0,14.0,1240.2785132249,981.15940702825,1.6433937001387
136623.18910822898,342.0,,-1000.0,,-1000.0,,-1000.0,,-1000.0,,-1000.0,10.0,14.0,1178.3271421851,899.78147231846,1.6566474284669
136879.04702258023,343.0,,-1000.0,,-1000.0,,-1000.0,,-1000.0,,-1000.0,10.0,14.0,1004.3009906073,671.18461379566,1.6938781676143
137193.29088711637,344.0,,-1000.0,,-1000.0,,-1000.0,,-1000.0,,-1000.0,10.0,14.0,790.56263296922,390.4226900335,1.7396048412601
137341.84007671717,345.0,,-1000.0,,-1000.0,,-1000.0,,-1000.0,,-1000.0,10.0,14.0,748.99823736405,414.69472249698,1.7516599129339
137465.43444943693,346.0,,-1000.0,,-1000.0,,-1000.0,,-1000.0,,-1000.0,10.0,14.0,798.13786402902,655.8898432525,1.7482310528042
137532.20196983888,347.0,,-1000.0,,-1000.0,,-1000.0,,-1000.0,,-1000.0,10.0,14.0,824.68382201805,786.18703876006,1.7463787315081
137635.34358164255,348.0,,-1000.0,,-1000.0,,-1000.0,,-1000.0,,-1000.0,10.0,14.0,865.69167849343,987.46848035378,1.7435172892543
137746.3599686397,349.0,,-1000.0,,-1000.0,,-1000.0,,-1000.0,,-1000.0,10.0,14.0,909.83045027315,1204.1175904905,1.7404373782944
137824.18775916137,350.0,,-1000.0,,-1000.0,,-1000.0,,-1000.0,,-1000.0,10.0,14.0,940.77383779344,1355.9989659927,1.7382782135847
137988.79412407623,351.0,,-1000.0,,-1000.0,,-1000.0,,-1000.0,,-1000.0,10.0,14.0,1006.2193361653,1677.2292225904,1.7337115639118
138131.76130017368,352.0,,-1000.0,,-1000.0,,-1000.0,,-1000.0,,-1000.0,10.0,14.0,1063.0613549739,1956.2304792342,1.729745247006
138183.2942603718,353.0,,-1000.0,,-1000.0,,-1000.0,,-1000.0,,-1000.0,10.0,14.0,1083.5502362178,2056.7973439253,1.7283155758268
138254.3458713654,354.0,,-1000.0,,-1000.0,,-1000.0,,-1000.0,,-1000.0,10.0,14.0,1111.7994967735,2195.4549665692,1.7263444016485
138404.55336504395,355.0,,-1000.0,,-1000.0,,-1000.0,,-1000.0,,-1000.0,10.0,14.0,1171.5201782189,2488.5857441197,1.7221772176989
138570.37698139244,356.0,,-1000.0,,-1000.0,,-1000.0,,-1000.0,,-1000.0,10.0,14.0,1237.4496410277,2812.1914738077,1.7175767980023
138683.31062438223,357.0,,-1000.0,,-1000.0,,-1000.0,,-1000.0,,-1000.0,10.0,14.0,1282.3506905845,3032.5821199099,1.7144436968972
138765.25880072953,358.0,,-1000.0,,-1000.0,,-1000.0,,-1000.0,,-1000.0,10.0,14.0,1314.9322936378,3192.5044517673,1.712170220942
138830.66062325073,359.0,,-1000.0,,-1000.0,,-1000.0,,-1000.0,,-1000.0,10.0,14.0,1340.9352666792,3320.1364800992,1.7103557879972
138969.7142916575,360.0,,-1000.0,,-1000.0,,-1000.0,,-1000.0,,-1000.0,10.0,14.0,1396.2213221973,3591.5005042441,1.7064980429478
139104.92869102233,361.0,,-1000.0,,-1000.0,,-1000.0,,-1000.0,,-1000.0,10.0,14.0,1449.980930813,3855.3721730348,1.7027468101632
139185.71453203147,362.0,,-1000.0,,-1000.0,,-1000.0,,-1000.0,,-1000.0,10.0,14.0,1482.1004034043,4013.0262008742,1.7005055807028
139498.32450214456,363.0,,-1000.0,,-1000.0,,-1000.0,,-1000.0,,-1000.0,10.0,14.0,1606.3903438366,4623.0863341269,1.6918328892276
139684.53818502644,364.0,,-1000.0,,-1000.0,,-1000.0,,-1000.0,,-1000.0,10.0,14.0,1780.0841820654,4418.8821354612,1.6758409991432
139736.36136522843,365.0,,-1000.0,,-1000.0,,-1000.0,,-1000.0,,-1000.0,10.0,14.0,1831.8897035228,4342.3080744692,1.6710138862304
139818.36101639018,366.0,,-1000.0,,-1000.0,,-1000.0,,-1000.0,,-1000.0,10.0,14.0,1913.8614133099,4221.1451843318,1.6633759610119
140122.68835141027,367.0,,-1000.0,,-1000.0,,-1000.0,,-1000.0,,-1000.0,10.0,14.0,2218.0850488144,3771.4703511301,1.6350291400937
140242.05010853888,368.0,,-1000.0,,-1000.0,,-1000.0,,-1000.0,,-1000.0,10.0,14.0,2337.4061334336,3595.1011195464,1.6239110906633
140434.74777584957,369.0,,-1000.0,,-1000.0,,-1000.0,,-1000.0,,-1000.0,10.0,14.0,2530.0381390293,3310.3705632179,1.6059621073219
140584.67519510665,370.0,,-1000.0,,-1000.0,,-1000.0,140585.168764156,-132.04007544911,,-1000.0,10.0,14.0,2679.91447053,3088.8374326423,1.5919969940529
140746.12405515547,371.0,,-1000.0,,-1000.0,,-1000.0,140746.617624132,-131.3900671487,,-1000.0,10.0,14.0,2841.3083168924,2850.2801922676,1.5769587066676
140952.22814408859,372.0,,-1000.0,,-1000.0,,-1000.0,,-1000.0,,-1000.0,10.0,14.0,3047.3421758734,2545.7402737388,1.5577609711139
141040.42128614624,373.0,,-1000.0,,-1000.0,,-1000.0,,-1000.0,,-1000.0,10.0,14.0,3135.5052661248,2415.4258659264,1.5495461480716
141143.63003226015,374.0,,-1000.0,,-1000.0,,-1000.0,,-1000.0,,-1000.0,10.0,14.0,3238.6788438666,2262.9243639149,1.5399326841904
141262.9146423855,375.0,,-1000.0,,-1000.0,,-1000.0,,-1000.0,,-1000.0,10.0,14.0,3357.9228077703,2086.6691249366,1.5288218206812
141519.6034358174,376.0,,-1000.0,,-1000.0,,-1000.0,,-1000.0,,-1000.0,10.0,14.0,3614.524134516,1707.3851202196,1.5049123310568
141633.4762741216,377.0,,-1000.0,,-1000.0,,-1000.0,,-1000.0,,-1000.0,10.0,14.0,3632.6432220656,1650.5316282016,1.5055581650351
141872.2219758748,378.0,,-1000.0,,-1000.0,,-1000.0,,-1000.0,,-1000.0,10.0,14.0,3323.8944208092,1934.9098206955,1.5476759722536
142020.1213138984,379.0,,-1000.0,,-1000.0,,-1000.0,,-1000.0,,-1000.0,10.0,14.0,3132.6292253058,2111.0777940217,1.5737673144678
142121.0930232178,380.0,,-1000.0,,-1000.0,,-1000.0,,-1000.0,,-1000.0,10.0,14.0,3002.0514013524,2231.3486595426,1.5915800204408
142288.91968136124,381.0,,-1000.0,,-1000.0,,-1000.0,,-1000.0,,-1000.0,10.0,14.0,2785.0159567762,2431.2527472169,1.6211867977855
142540.41019972757,382.0,,-1000.0,,-1000.0,,-1000.0,,-1000.0,,-1000.0,10.0,14.0,2459.7854060155,2730.8117278275,1.6655529542944
142759.06126376236,383.0,,-1000.0,,-1000.0,,-1000.0,,-1000.0,,-1000.0,10.0,14.0,2177.0232309545,2991.2545082439,1.7041258094098
142821.20004994818,384.0,,-1000.0,,-1000.0,,-1000.0,,-1000.0,,-1000.0,10.0,14.0,2096.6646083468,3065.2701473508,1.7150878891379
142953.48652033848,385.0,,-1000.0,,-1000.0,,-1000.0,,-1000.0,,-1000.0,10.0,14.0,1925.5901602813,3222.841098638,1.7384249210367
143109.9713496114,386.0,,-1000.0,,-1000.0,,-1000.0,,-1000.0,,-1000.0,10.0,14.0,1723.2221046554,3409.2355450074,1.7660308541426
143423.4777610355,387.0,,-1000.0,,-1000.0,,-1000.0,,-1000.0,,-1000.0,10.0,14.0,1317.7918581522,3782.6637825058,1.821337410454
143586.4398002574,388.0,,-1000.0,,-1000.0,,-1000.0,,-1000.0,,-1000.0,10.0,14.0,1107.0473970348,3976.7734557637,1.8500860065606
143828.83498884647,389.0,,-1000.0,,-1000.0,,-1000.0,,-1000.0,,-1000.0,10.0,14.0,793.57903568772,4265.498677177,1.8928476301153
144074.79370246455,390.0,,-1000.0,,-1000.0,,-1000.0,,-1000.0,,-1000.0,10.0,14.0,475.50228108829,4558.4685354538,1.9362379052398
144586.71459616898,391.0,,-1000.0,,-1000.0,,-1000.0,,-1000.0,,-1000.0,10.0,14.0,429.77834661398,4084.448680921,1.8897741170462
144650.9512127914,392.0,,-1000.0,,-1000.0,,-1000.0,,-1000.0,,-1000.0,10.0,14.0,441.86462697699,3993.6240636353,1.8799881904307
144720.0485303331,393.0,,-1000.0,,-1000.0,,-1000.0,,-1000.0,,-1000.0,10.0,14.0,454.86546039649,3895.9268661307,1.8694617755235
144891.44761576163,394.0,,-1000.0,,-1000.0,,-1000.0,,-1000.0,,-1000.0,10.0,14.0,487.11462776205,3653.5844583937,1.8433505174876
145007.10248661836,395.0,,-1000.0,,-1000.0,,-1000.0,,-1000.0,,-1000.0,10.0,14.0,508.87538148821,3490.0591992019,1.8257314376162
145088.55753241826,396.0,,-1000.0,,-1000.0,,-1000.0,,-1000.0,,-1000.0,10.0,14.0,524.20135244192,3374.8893202488,1.8133224232163
145168.53720361344,397.0,,-1000.0,,-1000.0,,-1000.0,,-1000.0,,-1000.0,10.0,14.0,539.24972796718,3261.8054841303,1.8011381701499
145282.8858022682,398.0,,-1000.0,,-1000.0,,-1000.0,,-1000.0,,-1000.0,10.0,14.0,560.76470330567,3100.1271726617,1.7837180902349
145541.70948725467,399.0,,-1000.0,,-1000.0,,-1000.0,,-1000.0,,-1000.0,10.0,14.0,609.46302812127,2734.1744906963,1.7442884047871
145698.94334570985,400.0,,-1000.0,,-1000.0,,-1000.0,,-1000.0,,-1000.0,10.0,14.0,639.04697254066,2511.8603999266,1.7203351039871
145751.80696858687,401.0,,-1000.0,,-1000.0,,-1000.0,,-1000.0,,-1000.0,10.0,14.0,648.99339563533,2437.1161408327,1.7122817605623
145842.29143249727,402.0,,-1000.0,,-1000.0,,-1000.0,,-1000.0,,-1000.0,10.0,14.0,666.01827422983,2309.1795022444,1.6984971876779
146178.26207843525,403.0,,-1000.0,,-1000.0,,-1000.0,,-1000.0,,-1000.0,10.0,14.0,729.23199304096,1834.1481736812,1.6473147895533
146255.70811824908,404.0,,-1000.0,,-1000.0,,-1000.0,,-1000.0,,-1000.0,10.0,14.0,743.80365947379,1724.646657315,1.635516514642
146358.98965896896,405.0,,-1000.0,,-1000.0,,-1000.0,,-1000.0,,-1000.0,10.0,14.0,763.2363401332,1578.6161391806,1.6197824110828
146589.16017828803,406.0,,-1000.0,,-1000.0,,-1000.0,,-1000.0,,-1000.0,10.0,14.0,806.54350003768,1253.1763755874,1.5847178026155
146939.2372679092,407.0,,-1000.0,,-1000.0,,-1000.0,,-1000.0,,-1000.0,10.0,14.0,872.41138157165,758.19984417627,1.5313864024116
147047.03487507007,408.0,,-1000.0,,-1000.0,,-1000.0,,-1000.0,,-1000.0,10.0,14.0,892.69377144699,605.78402700687,1.5149643128234
147099.97768942238,409.0,,-1000.0,,-1000.0,,-1000.0,,-1000.0,,-1000.0,10.0,14.0,902.65509461614,530.92779851273,1.5068989052208
147154.92283668695,410.0,,-1000.0,,-1000.0,,-1000.0,,-1000.0,,-1000.0,10.0,14.0,915.2478599116,593.878057375,1.5150110138767
147275.62820309013,411.0,,-1000.0,,-1000.0,,-1000.0,,-1000.0,,-1000.0,10.0,14.0,943.26238947249,754.02034076433,1.5353928822318
147336.76837563352,412.0,,-1000.0,,-1000.0,,-1000.0,,-1000.0,,-1000.0,10.0,14.0,957.45242279176,835.13626070788,1.5457167889902
147449.16919124717,413.0,,-1000.0,,-1000.0,,-1000.0,,-1000.0,,-1000.0,10.0,14.0,983.53954771013,984.26072636808,1.5646963811583
147516.6777403682,414.0,,-1000.0,,-1000.0,,-1000.0,,-1000.0,,-1000.0,10.0,14.0,999.20761866107,1073.8257020332,1.576095628781
147624.63696415004,415.0,,-1000.0,,-1000.0,,-1000.0,,-1000.0,,-1000.0,10.0,14.0,1024.2638937558,1217.0574167824,1.5943252299363
147675.40042911746,416.0,,-1000.0,,-1000.0,,-1000.0,,-1000.0,,-1000.0,10.0,14.0,1036.0455952022,1284.4063461207,1.6028969636632
148030.77279353363,417.0,,-1000.0,,-1000.0,,-1000.0,,-1000.0,,-1000.0,10.0,14.0,1396.2917865068,1690.060610749,1.5888896282404
148227.84853071015,418.0,,-1000.0,,-1000.0,,-1000.0,,-1000.0,148228.34209958097,-130.35568731164,10.0,14.0,1702.8053112014,1889.7266412039,1.5526810226061
148436.92174419583,419.0,,-1000.0,,-1000.0,,-1000.0,,-1000.0,148437.41531281968,-127.34281856264,10.0,14.0,2027.9786100703,2101.5478385224,1.514268127928
148645.0575905821,420.0,,-1000.0,,-1000.0,,-1000.0,,-1000.0,,-1000.0,10.0,14.0,2351.6940141335,2312.4193483222,1.4760274551384
149117.8033504449,421.0,,-1000.0,,-1000.0,,-1000.0,,-1000.0,,-1000.0,10.0,14.0,3086.9594060888,2791.3787100303,1.3891701634729
149553.61392769963,422.0,,-1000.0,,-1000.0,,-1000.0,,-1000.0,,-1000.0,10.0,14.0,3764.7792029209,3232.9174262489,1.3090989505011
149821.67117132986,423.0,,-1000.0,,-1000.0,,-1000.0,,-1000.0,,-1000.0,10.0,14.0,4070.287545329,3470.2026276376,1.2930568726983
149897.90879366233,424.0,,-1000.0,,-1000.0,,-1000.0,,-1000.0,,-1000.0,10.0,14.0,3965.3652096053,3478.6396844396,1.3456709154112
150093.89490450543,425.0,,-1000.0,,-1000.0,,-1000.0,,-1000.0,,-1000.0,10.0,14.0,3695.6385328027,3500.3290537957,1.4809272533131
150237.42716128257,426.0,,-1000.0,,-1000.0,,-1000.0,,-1000.0,,-1000.0,10.0,14.0,3498.1016845642,3516.2134658,1.5799834942832
150514.21308403776,427.0,,-1000.0,,-1000.0,,-1000.0,,-1000.0,,-1000.0,10.0,14.0,3117.1739401985,3546.8447798526,1.77100238911
150640.4157206305,428.0,,-1000.0,,-1000.0,,-1000.0,,-1000.0,,-1000.0,10.0,14.0,3139.4992280283,3471.6721358888,1.7433029840962
150741.5403383039,429.0,,-1000.0,,-1000.0,,-1000.0,,-1000.0,,-1000.0,10.0,14.0,3227.9695662951,3379.3393816764,1.6797713198421
151124.3550071606,430.0,,-1000.0,,-1000.0,,-1000.0,,-1000.0,,-1000.0,10.0,14.0,3562.8805308696,3029.806957805,1.4392675377473
151490.96695607444,431.0,151491.4605249384,-130.28420184667,151491.4605248953,-129.82184332166,,-1000.0,,-1000.0,,-1000.0,10.0,14.0,3883.6163109325,2695.0685751125,1.2089431341965
151608.37404884392,432.0,151608.86761798468,-132.7946721065,151608.86761744187,-126.95958784632,,-1000.0,,-1000.0,,-1000.0,10.0,14.0,3944.8885580739,2568.0508091771,1.1509187869399
151668.8058837714,433.0,,-1000.0,151669.29945266925,-130.6316643365,,-1000.0,,-1000.0,,-1000.0,10.0,14.0,3893.8308376599,2463.1746874511,1.1524158376031
151772.9093114658,434.0,,-1000.0,,-1000.0,,-1000.0,,-1000.0,,-1000.0,10.0,14.0,3805.8758101196,2282.5089213351,1.1549947449896
151903.1183643946,435.0,,-1000.0,,-1000.0,,-1000.0,,-1000.0,,-1000.0,10.0,14.0,3695.8646309491,2056.5382801794,1.1582203552871
151983.2052552179,436.0,,-1000.0,,-1000.0,,-1000.0,,-1000.0,,-1000.0,10.0,14.0,3628.2007235832,1917.5518912881,1.1602043118088
152037.32464953064,437.0,,-1000.0,,-1000.0,,-1000.0,,-1000.0,,-1000.0,10.0,14.0,3582.4762654874,1823.6306626427,1.1615449872202
152199.01312820576,438.0,,-1000.0,,-1000.0,,-1000.0,,-1000.0,,-1000.0,10.0,14.0,3445.8687117326,1543.0292115766,1.1655504231717
152442.58254366243,439.0,,-1000.0,,-1000.0,,-1000.0,,-1000.0,,-1000.0,10.0,14.0,3240.0814949336,1120.3279036511,1.1715842587384
152701.93940342704,440.0,,-1000.0,,-1000.0,,-1000.0,,-1000.0,,-1000.0,10.0,14.0,3020.9557634511,670.22835549397,1.1780091895615
152759.29376835548,441.0,,-1000.0,,-1000.0,,-1000.0,,-1000.0,,-1000.0,10.0,14.0,2972.4981395423,570.69301348464,1.1794300034447
152898.6590579242,442.0,,-1000.0,,-1000.0,,-1000.0,,-1000.0,,-1000.0,10.0,14.0,2854.7510282928,328.83222784508,1.1828824370739
152965.94146508814,443.0,,-1000.0,,-1000.0,,-1000.0,,-1000.0,,-1000.0,10.0,14.0,2805.2870661084,358.51454329379,1.1932664611337
153207.27816303735,444.0,,-1000.0,,-1000.0,,-1000.0,,-1000.0,,-1000.0,10.0,14.0,2636.4708464522,635.74177680197,1.2406775690314
153340.5845125207,445.0,,-1000.0,,-1000.0,,-1000.0,,-1000.0,,-1000.0,10.0,14.0,2543.2223924575,788.87286208815,1.2668658850749
153471.293044398,446.0,,-1000.0,,-1000.0,,-1000.0,,-1000.0,,-1000.0,10.0,14.0,2451.7911247894,939.01979372424,1.2925438543214
153621.22641639342,447.0,,-1000.0,,-1000.0,,-1000.0,,-1000.0,,-1000.0,10.0,14.0,2346.9119859113,1111.250599408,1.3219985843212
153697.2704098968,448.0,,-1000.0,,-1000.0,,-1000.0,,-1000.0,,-1000.0,10.0,14.0,2293.7188345179,1198.6035222043,1.3369375886732
153824.48014024863,449.0,,-1000.0,,-1000.0,,-1000.0,,-1000.0,,-1000.0,10.0,14.0,2204.7349959058,1344.7313258928,1.3619282109142
154016.06388161637,450.0,,-1000.0,,-1000.0,,-1000.0,,-1000.0,,-1000.0,10.0,14.0,2070.72121665,1564.8065612626,1.3995652446128
154097.97380873826,451.0,,-1000.0,,-1000.0,,-1000.0,,-1000.0,,-1000.0,10.0,14.0,2013.4248155369,1658.8977736055,1.4156566241074
154365.15197668364,452.0,,-1000.0,,-1000.0,,-1000.0,,-1000.0,154365.64554516983,-125.0907732232,10.0,14.0,1826.5323591872,1965.8095072237,1.4681443437787
154587.0222550377,453.0,,-1000.0,,-1000.0,,-1000.0,,-1000.0,154587.51582376464,-128.72421482425,10.0,14.0,1671.3329967862,2220.6753605663,1.5117312321207
154642.98788719223,454.0,,-1000.0,,-1000.0,,-1000.0,,-1000.0,154643.4814561488,-131.20410499552,10.0,14.0,1632.1847589457,2284.963956149,1.5227257996572
154708.10926080027,455.0,,-1000.0,,-1000.0,,-1000.0,,-1000.0,,-1000.0,10.0,14.0,1586.6320344545,2359.76989491,1.5355190320865
155084.25853626855,456.0,,-1000.0,,-1000.0,,-1000.0,,-1000.0,,-1000.0,10.0,14.0,1323.5137468075,2791.8584413686,1.6094143577307
155160.68290770045,457.0,,-1000.0,,-1000.0,,-1000.0,,-1000.0,,-1000.0,10.0,14.0,1270.0545191628,2879.6483102309,1.6244280881362
155232.9475533399,458.0,,-1000.0,,-1000.0,,-1000.0,,-1000.0,,-1000.0,10.0,14.0,1219.5050403837,2962.6598371196,1.6386246315576
155302.65124814035,459.0,,-1000.0,,-1000.0,,-1000.0,,-1000.0,,-1000.0,10.0,14.0,1170.7469594443,3042.7295597893,1.6523180707367
155400.81459244236,460.0,,-1000.0,,-1000.0,,-1000.0,,-1000.0,,-1000.0,10.0,14.0,1102.0812122345,3155.4913262506,1.6716024686249
155471.2317555274,461.0,,-1000.0,,-1000.0,,-1000.0,,-1000.0,,-1000.0,10.0,14.0,1052.8240566842,3236.3806210798,1.6854360701669
155597.77130535277,462.0,,-1000.0,,-1000.0,,-1000.0,,-1000.0,,-1000.0,10.0,14.0,964.30901268145,3381.7385779322,1.7102950340173
155888.00827078184,463.0,,-1000.0,,-1000.0,,-1000.0,,-1000.0,,-1000.0,10.0,14.0,761.28681288996,3715.1383122921,1.7673127035254
156469.73798217595,464.0,,-1000.0,,-1000.0,,-1000.0,,-1000.0,,-1000.0,10.0,14.0,636.51081994782,3729.3241059313,1.8372361350686
156556.43935417713,465.0,,-1000.0,,-1000.0,,-1000.0,,-1000.0,,-1000.0,10.0,14.0,676.35667556485,3595.9602790718,1.8384693377387
156669.18155467973,466.0,,-1000.0,,-1000.0,,-1000.0,,-1000.0,,-1000.0,10.0,14.0,728.17026673975,3422.5405169557,1.8400729338465
156733.23894790988,467.0,,-1000.0,,-1000.0,,-1000.0,,-1000.0,,-1000.0,10.0,14.0,757.60949685733,3324.007599856,1.8409840583945
156880.8601193113,468.0,,-1000.0,,-1000.0,,-1000.0,,-1000.0,,-1000.0,10.0,14.0,825.45262028101,3096.937094636,1.8430837578401
157228.72243638893,469.0,,-1000.0,,-1000.0,,-1000.0,,-1000.0,,-1000.0,10.0,14.0,985.32173585497,2561.8561754432,1.8480316003982
157442.57241333387,470.0,,-1000.0,,-1000.0,,-1000.0,,-1000.0,,-1000.0,10.0,14.0,1083.6020180279,2232.9126923019,1.8510733096177
157580.81457631497,471.0,,-1000.0,,-1000.0,,-1000.0,,-1000.0,,-1000.0,10.0,14.0,1147.1347758054,2020.2689536511,1.8530396061199
157770.04647044587,472.0,,-1000.0,,-1000.0,,-1000.0,,-1000.0,,-1000.0,10.0,14.0,1234.1011819607,1729.1929420191,1.8557311584185
157842.07818801497,473.0,,-1000.0,,-1000.0,,-1000.0,,-1000.0,,-1000.0,10.0,14.0,1267.2052188618,1618.3939397826,1.8567557062934
158138.58914147833,474.0,,-1000.0,,-1000.0,,-1000.0,,-1000.0,,-1000.0,10.0,14.0,1403.4744885154,1162.3015556963,1.860973149352
158375.03297626704,475.0,,-1000.0,,-1000.0,,-1000.0,,-1000.0,,-1000.0,10.0,14.0,1512.1383618207,798.60425867669,1.8643362237953
158500.40520690317,476.0,,-1000.0,,-1000.0,,-1000.0,,-1000.0,,-1000.0,10.0,14.0,1569.7564096671,605.75701677486,1.8661194639679
158658.70508033092,477.0,,-1000.0,,-1000.0,,-1000.0,,-1000.0,,-1000.0,10.0,14.0,1705.0831685881,746.27002716344,1.6638003776141
158927.2313421616,478.0,,-1000.0,,-1000.0,,-1000.0,,-1000.0,,-1000.0,10.0,14.0,1940.028816658,1017.6948118937,1.3029862347031
159107.64980861283,479.0,,-1000.0,,-1000.0,,-1000.0,,-1000.0,,-1000.0,10.0,14.0,2099.3470479399,1195.6538361882,1.068665720376
159759.19998010725,480.0,,-1000.0,,-1000.0,,-1000.0,,-1000.0,,-1000.0,10.0,14.0,2853.5556464674,1299.2028080995,1.2139444126354
159951.99245331137,481.0,,-1000.0,,-1000.0,,-1000.0,,-1000.0,,-1000.0,10.0,14.0,3076.7245556066,1329.8427545932,1.2569321050802
160149.04496547085,482.0,,-1000.0,,-1000.0,,-1000.0,,-1000.0,,-1000.0,10.0,14.0,3304.8247166291,1361.1597366759,1.3008696750869
160261.26270763585,483.0,,-1000.0,,-1000.0,,-1000.0,,-1000.0,,-1000.0,10.0,14.0,3434.723517598,1378.9941757411,1.3258913043387
160311.9099193501,484.0,,-1000.0,,-1000.0,,-1000.0,,-1000.0,,-1000.0,10.0,14.0,3493.3507181383,1387.0433896507,1.3371843113953
160369.74294409665,485.0,,-1000.0,,-1000.0,,-1000.0,,-1000.0,,-1000.0,10.0,14.0,3560.2959304198,1396.2346239056,1.3500795673129
160595.8360874564,486.0,,-1000.0,,-1000.0,,-1000.0,,-1000.0,,-1000.0,10.0,14.0,3822.012372607,1432.1669489595,1.4004924405392
160666.36705480117,487.0,,-1000.0,,-1000.0,,-1000.0,,-1000.0,,-1000.0,10.0,14.0,3903.6562188696,1443.3762302643,1.4162190064246
160811.92313721613,488.0,,-1000.0,,-1000.0,,-1000.0,,-1000.0,,-1000.0,10.0,14.0,4072.1461582914,1466.5090346882,1.4486742159062
160864.05134708175,489.0,,-1000.0,,-1000.0,,-1000.0,,-1000.0,,-1000.0,10.0,14.0,4109.1089091648,1468.7813322562,1.460080994965
160976.82912253,490.0,,-1000.0,,-1000.0,,-1000.0,,-1000.0,,-1000.0,10.0,14.0,3926.1621083803,1406.0840585681,1.482325022248
161061.01694226736,491.0,,-1000.0,,-1000.0,,-1000.0,,-1000.0,,-1000.0,10.0,14.0,3789.5936025309,1359.2809827466,1.498930032869
161154.55852218549,492.0,,-1000.0,,-1000.0,,-1000.0,,-1000.0,,-1000.0,10.0,14.0,3637.8515352811,1307.2778108979,1.5173799574887
161261.09679015857,493.0,,-1000.0,,-1000.0,,-1000.0,,-1000.0,,-1000.0,10.0,14.0,3465.026391237,1248.0493067106,1.5383933187654
161499.77482504267,494.0,,-1000.0,,-1000.0,,-1000.0,,-1000.0,,-1000.0,10.0,14.0,3077.8456481691,1115.3594924542,1.5854696216869
161712.28745483316,495.0,,-1000.0,,-1000.0,,-1000.0,,-1000.0,,-1000.0,10.0,14.0,2733.1101221139,997.21598005377,1.627385120696
161803.02770725885,496.0,,-1000.0,,-1000.0,,-1000.0,,-1000.0,,-1000.0,10.0,14.0,2585.9123358685,946.77016820606,1.6452825179678
161974.34794007585,497.0,,-1000.0,,-1000.0,,-1000.0,,-1000.0,,-1000.0,10.0,14.0,2307.9986389635,851.52700985723,1.6790733239822
162098.0028925826,498.0,,-1000.0,,-1000.0,,-1000.0,,-1000.0,,-1000.0,10.0,14.0,2107.4070075683,782.78271720385,1.7034627404813
162396.06827264608,499.0,,-1000.0,,-1000.0,,-1000.0,,-1000.0,,-1000.0,10.0,14.0,1623.8888011618,617.07731437492,1.7622524658496
162492.55724601884,500.0,,-1000.0,,-1000.0,,-1000.0,,-1000.0,,-1000.0,10.0,14.0,1467.3655063958,563.43557913588,1.7812837275293
162574.08981341502,501.0,,-1000.0,,-1000.0,,-1000.0,,-1000.0,,-1000.0,10.0,14.0,1335.1043201329,518.10865481752,1.7973650223271
162634.9232722621,502.0,,-1000.0,,-1000.0,,-1000.0,,-1000.0,,-1000.0,10.0,14.0,1236.420987956,484.28911897747,1.8093636728851
162721.5342695594,503.0,,-1000.0,,-1000.0,,-1000.0,,-1000.0,,-1000.0,10.0,14.0,1095.9216315417,436.13891047782,1.826446625437
162791.87146731245,504.0,,-1000.0,,-1000.0,,-1000.0,,-1000.0,,-1000.0,10.0,14.0,981.82144421381,397.03589997368,1.8403197714501
162843.57035437785,505.0,,-1000.0,,-1000.0,,-1000.0,,-1000.0,,-1000.0,10.0,14.0,897.95610855583,368.2946053451,1.8505167402218
162994.64645223675,506.0,,-1000.0,,-1000.0,,-1000.0,,-1000.0,,-1000.0,10.0,14.0,1066.9752563314,510.56376971962,1.8455835579285
163159.37743423,507.0,,-1000.0,,-1000.0,,-1000.0,,-1000.0,,-1000.0,10.0,14.0,1303.0031295371,693.95789546795,1.8358655878877
163213.33378013203,508.0,,-1000.0,,-1000.0,,-1000.0,,-1000.0,,-1000.0,10.0,14.0,1380.3122150236,754.02720826838,1.8326825427395
163282.0075312521,509.0,,-1000.0,,-1000.0,,-1000.0,,-1000.0,,-1000.0,10.0,14.0,1478.7085168352,830.48132998934,1.8286312741323
163508.4581766924,510.0,,-1000.0,,-1000.0,,-1000.0,,-1000.0,,-1000.0,10.0,14.0,1803.1688192179,1082.5876286536,1.8152722777766
163648.41986709673,511.0,,-1000.0,,-1000.0,,-1000.0,,-1000.0,,-1000.0,10.0,14.0,2003.7070526254,1238.4062338689,1.8070155218357
163754.00461433764,512.0,,-1000.0,,-1000.0,,-1000.0,,-1000.0,,-1000.0,10.0,14.0,2154.9897259431,1355.9531711741,1.8007867639054
163905.2696806214,513.0,,-1000.0,,-1000.0,,-1000.0,,-1000.0,,-1000.0,10.0,14.0,2371.7235270363,1524.3557646126,1.7918631882393
164018.61526816955,514.0,,-1000.0,,-1000.0,,-1000.0,,-1000.0,,-1000.0,10.0,14.0,2534.1259946383,1650.5428041378,1.7851765952819
164178.2545277051,515.0,,-1000.0,,-1000.0,,-1000.0,,-1000.0,,-1000.0,10.0,14.0,2762.8584070377,1828.268342366,1.7757590010763
164237.4698914794,516.0,,-1000.0,,-1000.0,,-1000.0,,-1000.0,,-1000.0,10.0,14.0,2847.7026555428,1894.1924917812,1.7722657108393
164403.1703285357,517.0,,-1000.0,,-1000.0,,-1000.0,,-1000.0,,-1000.0,10.0,14.0,3085.1195717437,2078.6659066928,1.7624905497641
164494.11700195452,518.0,,-1000.0,,-1000.0,,-1000.0,,-1000.0,,-1000.0,10.0,14.0,3215.4286953973,2179.9163542987,1.757125335298
164658.78476418983,519.0,,-1000.0,,-1000.0,,-1000.0,,-1000.0,,-1000.0,10.0,14.0,3451.365986826,2363.2400978271,1.7474110947785
164721.2066454218,520.0,,-1000.0,,-1000.0,,-1000.0,,-1000.0,,-1000.0,10.0,14.0,3540.8045592814,2432.7340460668,1.7437286425502
164970.25897145353,521.0,164970.75254025028,-129.55240730875,164970.7525402496,-129.54453775096,,-1000.0,,-1000.0,,-1000.0,10.0,14.0,3897.6487310263,2710.0026754743,1.7290363059072
165055.34942633897,522.0,165055.84299468054,-121.90140373636,165055.84299506104,-128.66348154947,,-1000.0,,-1000.0,,-1000.0,10.0,14.0,4019.5670177606,2804.7334261469,1.7240165671711
165115.2438961218,523.0,165115.73746438653,-119.59892594447,165115.73746499384,-130.36813312661,,-1000.0,,-1000.0,,-1000.0,10.0,14.0,4105.3842948056,2871.4136206682,1.7204832144531
165300.85471168888,524.0,,-1000.0,,-1000.0,,-1000.0,,-1000.0,,-1000.0,10.0,14.0,4371.3289611473,3078.0531540365,1.7095334809961
165633.2548246294,525.0,,-1000.0,,-1000.0,,-1000.0,,-1000.0,,-1000.0,10.0,14.0,4752.2194128868,3331.4063804284,1.7042570546333
165683.15657292507,526.0,,-1000.0,,-1000.0,,-1000.0,,-1000.0,,-1000.0,10.0,14.0,4706.897939887,3244.0132120369,1.7188689227334
165774.92662639933,527.0,,-1000.0,,-1000.0,,-1000.0,,-1000.0,,-1000.0,10.0,14.0,4623.5510804527,3083.2958822743,1.7457403643705
165830.18059051642,528.0,,-1000.0,,-1000.0,,-1000.0,,-1000.0,,-1000.0,10.0,14.0,4573.3686494078,2986.5293529381,1.7619194294987
165938.07185409433,529.0,,-1000.0,,-1000.0,,-1000.0,,-1000.0,,-1000.0,10.0,14.0,4475.3802791369,2797.5788714847,1.793511366984
166397.98908246952,530.0,,-1000.0,,-1000.0,,-1000.0,,-1000.0,,-1000.0,10.0,14.0,3766.0550641647,2655.6856460188,1.7288296820136
166600.69764175333,531.0,,-1000.0,,-1000.0,,-1000.0,,-1000.0,,-1000.0,10.0,14.0,3407.7249287247,2697.1214305292,1.6690843535911
166765.16596419193,532.0,,-1000.0,,-1000.0,,-1000.0,,-1000.0,,-1000.0,10.0,14.0,3116.9924778443,2730.7405040968,1.6206097653749
167020.96742238797,533.0,,-1000.0,,-1000.0,,-1000.0,,-1000.0,,-1000.0,10.0,14.0,2664.8094447992,2783.0290415749,1.5452160958383
167390.9263368385,534.0,,-1000.0,,-1000.0,,-1000.0,,-1000.0,,-1000.0,10.0,14.0,2010.8290288233,2858.6525767183,1.4361762164925
167465.32385646034,535.0,,-1000.0,,-1000.0,,-1000.0,,-1000.0,,-1000.0,10.0,14.0,1879.3157203736,2873.8602206483,1.4142486557652
167538.92101591185,536.0,,-1000.0,,-1000.0,,-1000.0,,-1000.0,,-1000.0,10.0,14.0,1749.2172173433,2888.9042624509,1.3925569892765
167758.90211408256,537.0,,-1000.0,,-1000.0,,-1000.0,,-1000.0,,-1000.0,10.0,14.0,1360.354226159,2933.8707375339,1.3277208372986
167844.043527239,538.0,,-1000.0,,-1000.0,,-1000.0,,-1000.0,,-1000.0,10.0,14.0,1209.8488196992,2951.2745475207,1.3026266739867
167999.46227674565,539.0,,-1000.0,,-1000.0,,-1000.0,,-1000.0,,-1000.0,10.0,14.0,935.11339778415,2983.043792175,1.2568193125951
168113.2737873779,540.0,,-1000.0,,-1000.0,,-1000.0,,-1000.0,,-1000.0,10.0,14.0,819.61515048646,2931.4451961693,1.2525920905579
168248.94647105612,541.0,,-1000.0,,-1000.0,,-1000.0,,-1000.0,,-1000.0,10.0,14.0,837.18717264834,2734.2930650851,1.3006717506505
168446.05483026293,542.0,,-1000.0,,-1000.0,,-1000.0,,-1000.0,,-1000.0,10.0,14.0,862.71620592441,2447.8659670237,1.3705229738677
168726.44814662237,543.0,,-1000.0,,-1000.0,,-1000.0,,-1000.0,,-1000.0,10.0,14.0,899.0321203409,2040.4137197228,1.4698887045167
168908.4285791234,544.0,,-1000.0,,-1000.0,,-1000.0,,-1000.0,,-1000.0,10.0,14.0,922.60181842782,1775.9696981963,1.5343788959167
168980.93931899455,545.0,,-1000.0,,-1000.0,,-1000.0,,-1000.0,,-1000.0,10.0,14.0,931.99324707393,1670.6010528322,1.5600752382573
169040.39745963996,546.0,,-1000.0,,-1000.0,,-1000.0,,-1000.0,,-1000.0,10.0,14.0,939.69413229857,1584.1997314997,1.5811460029424
169124.48183171108,547.0,,-1000.0,,-1000.0,,-1000.0,,-1000.0,,-1000.0,10.0,14.0,950.584551869,1462.0129161788,1.6109438068825
169377.6611727972,548.0,,-1000.0,,-1000.0,,-1000.0,,-1000.0,,-1000.0,10.0,14.0,1055.8447203632,1428.7887128853,1.6543870123408
169474.25544379183,549.0,,-1000.0,,-1000.0,,-1000.0,,-1000.0,,-1000.0,10.0,14.0,1121.3874584455,1533.340332483,1.6547519623669
169626.78252885892,550.0,,-1000.0,,-1000.0,,-1000.0,,-1000.0,,-1000.0,10.0,14.0,1224.8826521467,1698.4324607436,1.6553282363333
169722.77353651475,551.0,,-1000.0,,-1000.0,,-1000.0,,-1000.0,,-1000.0,10.0,14.0,1290.0160540376,1802.3311207148,1.6556909071251
169774.01222809075,552.0,,-1000.0,,-1000.0,,-1000.0,,-1000.0,,-1000.0,10.0,14.0,1324.7833762304,1857.7908093192,1.6558844958508
169909.3887960518,553.0,,-1000.0,,-1000.0,,-1000.0,,-1000.0,,-1000.0,10.0,14.0,1416.6413181662,2004.3195764,1.6563959721682
170199.95699026983,554.0,,-1000.0,,-1000.0,,-1000.0,,-1000.0,170200.45055934577,-132.26587802557,10.0,14.0,1613.8024422432,2318.8245154223,1.6574937895539
170251.8427017343,555.0,,-1000.0,,-1000.0,,-1000.0,,-1000.0,170252.33627087224,-132.7721551807,10.0,14.0,1649.0087910433,2374.984524828,1.6576898228337
170374.1779096671,556.0,,-1000.0,,-1000.0,,-1000.0,,-1000.0,,-1000.0,10.0,14.0,1732.0176942549,2507.397596447,1.6581520266152
170632.38827388536,557.0,,-1000.0,,-1000.0,,-1000.0,,-1000.0,,-1000.0,10.0,14.0,1907.2228497765,2786.8790967259,1.6591275904679
171010.98124070244,558.0,,-1000.0,,-1000.0,,-1000.0,,-1000.0,,-1000.0,10.0,14.0,2164.1119945302,3196.6602094301,1.6605579808182
171096.9740778844,559.0,,-1000.0,,-1000.0,,-1000.0,,-1000.0,,-1000.0,10.0,14.0,2222.4612728708,3289.7370586945,1.6608828767758
171303.30676148704,560.0,,-1000.0,,-1000.0,,-1000.0,,-1000.0,,-1000.0,10.0,14.0,2362.4655288163,3513.0672419908,1.6616624376906
171399.0836460192,561.0,,-1000.0,,-1000.0,,-1000.0,,-1000.0,,-1000.0,10.0,14.0,2427.4536403533,3616.7341395692,1.6620242994879
171910.54165282275,562.0,,-1000.0,,-1000.0,,-1000.0,,-1000.0,,-1000.0,10.0,14.0,2774.4965636537,4170.3255939782,1.6639566771642
171965.2986562784,563.0,,-1000.0,,-1000.0,,-1000.0,,-1000.0,,-1000.0,10.0,14.0,2811.6511888578,4229.5934298098,1.6641635586866
172283.13308719872,564.0,,-1000.0,,-1000.0,,-1000.0,,-1000.0,,-1000.0,10.0,14.0,2803.1476650654,3812.9666704207,1.6701873676226
172403.6346712153,565.0,,-1000.0,,-1000.0,,-1000.0,,-1000.0,,-1000.0,10.0,14.0,2785.8126162627,3607.1276164016,1.6727747964931
172697.4041580597,566.0,,-1000.0,,-1000.0,,-1000.0,172697.89772689992,-130.03228940541,,-1000.0,10.0,14.0,2743.5516913731,3105.314849663,1.6790826608894
